{
  "Calle 55, Mz A3, Lt. 32, Urb. El Pinar, Comas|COMAS|LIMA": "-11.914392,-77.052770",
  "AV SAN MARTIN MZ D ZONA C LT 2 - CIENEGUILLA|CIENEGUILLA|LIMA": "-12.089994,-76.849485",
  "CALLE 3 MZ 8 LT 1 - VENTANILLA|VENTANILLA|LIMA": "-11.876671,-77.116069",
  "AV SAN MARTIN 256 - ICA|ICA|ICA": "-13.418370,-76.128155",
  "AV JOSE SACO ROJAS PARCELA 17 - CARABAYLLO|CARABAYLLO|LIMA": "-11.842913,-77.022972",
  "av. Carlos Izaguirre 946 Los olivos 2do piso.|LOS OLIVOS|LIMA": "-11.991325,-77.081073",
  "MZ J LT 12 SECTOR D3 PROYECTO PILOTO - VENTANILLA|VENTANILLA|LIMA": "-11.829551,-77.132429",
  "AV.UNIVERSITARIA 6716 URB SANTA LUZMILA COMAS|COMAS|LIMA": "-11.943921,-77.060799",
  "AA.HH. MICAELA BASTIDAS MZ H LT 1 - VENTANILLA -PACHACUTEC|VENTANILLA|LIMA": "-11.829551,-77.132429",
  "AV MARIANO CONDORCANQUI N-840 , CH EDWIN VÁSQUEZ CAM- CARABAYLLO|CARABAYLLO|LIMA": "-11.886070,-77.034966",
  "Av Tupac amaru 4470, Mz L2 Lote 15 .PJ Año nuevo, Comas|COMAS|LIMA": "-11.917217,-77.041316",
  "Jr. ICA 3784 - SMP (altura de la cuadra 37 de la Av Perú)|SAN MARTIN DE PORRES|LIMA": "-12.026663,-77.087860",
  "Av. Arequipa 272 - Comas|COMAS|LIMA": "-11.959772,-77.040980",
  "JR LOS TULIPANES 197 SANTA ISABEL - CARABAYLLO|CARABAYLLO|LIMA": "-11.845119,-77.042658",
  "JR UNION 231 SAN FELIPE - COMAS|COMAS|LIMA": "-11.906839,-77.035324",
  "AV J.J. ELIAS 353 - ICA|ICA|ICA": "-14.072116,-75.735937",
  "Av eduardo de habich 318 - 2do piso|SAN MARTIN DE PORRES|LIMA": "-12.029655,-77.075736",
  "CALLE SAMOA 325 - LA MOLINA|LA MOLINA|LIMA": "-12.085018,-76.897958",
  "AV LA MOLINA 704 DPTO 301- A URB RESIDENCIAL MONTERRICO|LA MOLINA|LIMA": "-12.068824,-76.967794",
  "JR.LEONCIO PRADO 2D0 PISO 1053 - MAGDALENA|MAGDALENA|LIMA": "-12.092369,-77.073309",
  "AV MANUEL CIPRIANO DULANTO 1112|PUEBLO LIBRE|LIMA": "-12.074859,-77.079542",
  "Jr. Tumbes 107 Barranco|BARRANCO|LIMA": "-12.143553,-77.022316",
  "CA. SALVADOR DALI 109 OF 202|SAN BORJA|LIMA": "-12.090029,-76.995397",
  "Santa Elena norte 102 int 4 - SURCO|SURCO|LIMA": "-12.105075,-76.967902",
  "AV. TOMAS VALLE 328 - SAN MARTIN DE PORRES|SAN MARTIN DE PORRES|LIMA": "-12.012123,-77.075198",
  "C.P ETAPA III MZ 47 LOTE 1- PUEBLO NUEVO-CHINCHA-ICA|CHINCHA|ICA": "-13.275321,-76.088189",
  "ÁV ANGELICA GAMARRA MZ E LTE 01 URB EL TREBOL 4ª ETAPA|LOS OLIVOS|LIMA": "-12.004947,-77.067079",
  "Av puente piedra 515-puente piedra|PUENTE PIEDRA|LIMA": "-11.866174,-77.073319",
  "AV CARABAYLLO 507 - COMAS|COMAS|LIMA": "-11.953776,-77.056894",
  "AV CENTRAL MZ 81A LTE 16 2°PISO AAHH ENRIQUE MILLA OCHOA- LOS OLIVOS|LOS OLIVOS|LIMA": "-11.955259,-77.083581",
  "JOSE SANTOS CHOCANO 159 CARMEN DE LA LEGUA REYNOSO- CALLAO|CALLAO|LIMA": "-12.041786,-77.093158",
  "AV BENAVIDES 1241 - MIRAFLORES|MIRAFLORES|LIMA": "-12.120924,-77.030229",
  "AV. PRINCIPAL 892 urb Jorge chavez - SURQUILLO|SURQUILLO|LIMA": "-12.118390,-77.005102",
  "AV. JORGE CHAVEZ 258 MIRAFLORES|MIRAFLORES|LIMA": "-12.125268,-77.036951",
  "Av. 17 de noviembre 452 - Independencia|INDEPENDENCIA|LIMA": "-11.992219,-77.050257",
  "CALLE CARACAS 2460|JESUS MARIA|LIMA": "-12.084147,-77.055911",
  "AV LAS VIOLETAS 608 - INDEPENDENCIA|INDEPENDENCIA|LIMA": "-11.999318,-77.054907",
  "AV. JOSE GALVEZ BARRENECHEA 127 OF 303 SAN ISIDRO|SAN ISIDRO|LIMA": "-12.106323,-77.010781",
  "Av mariano condorcanqui mz A1 lote 60 urb Villa Corpac Carabayllo|CARABAYLLO|LIMA": "-11.886219,-77.035416",
  "JR. BOLOGNESI NRO. 253B URB Boulevard de Lurin.- LURIN|LURIN|LIMA": "-12.273213,-76.868386",
  "Av municipalidad 269 3er Piso - ICA|ICA|ICA": "-13.711494,-76.201915",
  "MZ H3 LT 12 AV. UNIVERSITARIA NORTE N° 9183 URB. EL PINAR COMAS|COMAS|LIMA": "-11.935409,-77.056119",
  "AV. JOSE SACO ROJAS MZ A LT 9 CARABAYLLO|CARABAYLLO|LIMA": "-11.859158,-77.046483",
  "AV. DEFENSORES DEL MORRO 2007|CHORRILLOS|LIMA": "-12.179653,-77.013738",
  "Av Belaúnde Oeste 309, Comas.|COMAS|LIMA": "-11.936253,-77.054523",
  "Av. Alfredo Mendiola 5559 Los Olivos|LOS OLIVOS|LIMA": "-11.999882,-77.062713",
  "Av. Tupac amaru 1015A Int. 1 segundo piso MZ Q Lt 28 Urb. Huaquillay 1ra. Etapa comas.|COMAS|LIMA": "-11.955947,-77.052716",
  "JR. Sao Paulo 1707- SAN MARTIN DE PORRES|SAN MARTIN DE PORRES|LIMA": "-11.987816,-77.098251",
  "AV. UNIVERSITARIA MZA. B LOTE. 14 INT. 14 URB. PINARES (CC LOS OLIVOS|LOS OLIVOS|LIMA": "-11.965208,-77.072705",
  "AV U MZ C2 LOTE 7, SETIMA ETAPA URB. SANTO DOMINGO - CARABAYLLO|CARABAYLLO|LIMA": "-11.882422,-77.037569",
  "AV CHIMPU OCLLO MZ R LOTE 15 URB VILLA CORPAC - CARABAYLLO|CARABAYLLO|LIMA": "-11.898786,-77.031831",
  "AV PTE PIEDRA 279|PUENTE PIEDRA|LIMA": "-11.866174,-77.073319",
  "Av Tomas Marsano 4271. Surco|SURCO|LIMA": "-12.138556,-76.994081",
  "AV PTE PIEDRA 275|PUENTE PIEDRA|LIMA": "-11.866174,-77.073319",
  "Av. Municipalidad #212 2do piso|ICA|LIMA": "-12.078796,-76.986981",
  "AV.tupac Amaru 3132( 2do Piso) - el progreso- carabayllo|CARABAYLLO|LIMA": "-11.864802,-77.009509",
  "Jr. Jose Santos figueroa # 225 Sta. Luzmila - Comas|COMAS|LIMA": "-11.949810,-77.063779",
  "jirón madre selva 341 urb santa Isabel carabayllo|CARABAYLLO|LIMA": "-11.899283,-77.037649",
  "MZ H LT 3 LA CASUARINAS, CARABAYLLO|CARABAYLLO|LIMA": "-11.899830,-77.029068",
  "Prolongación Tupac amaru 200 - independencia|INDEPENDENCIA|LIMA": "-11.994420,-77.054065",
  "Urbanización Villa Oropeza lot. 165 comas.|COMAS|LIMA": "-11.924347,-77.041996",
  "JR San Agustín 1185 surquillo|SURQUILLO|LIMA": "-12.115716,-77.021796",
  "Av benavides 1180 Miraflores|MIRAFLORES|LIMA": "-12.120924,-77.030229",
  "SECTOR 1 GRUPO 21 MZ F LOT 13|VILLA EL SALVADOR|LIMA": "-12.193022,-76.957118",
  "AV. JOSE TORIBIO POLO 327 (EDIFICIO SOHO SHOP OF. 505)|MIRAFLORES|LIMA": "-12.120621,-77.029499",
  "Av. San Luis 1483 - San Luis|SAN LUIS|LIMA": "-12.073607,-77.001992",
  "CAL.ARMANDO CAMBANA NRO. 279 URB. LOS LAURELES (CDRA 10 AV DEFENSORES DEL MORRO)|CHORRILLOS|LIMA": "-12.170948,-77.021260",
  "Av. San Luis 1425 - San Luis|SAN LUIS|LIMA": "-12.073607,-77.001992",
  "AV. MARISCAL JOSE DE LA MAR NRO. 835 URB. SANTA CRUZ LIMA - LIMA - MIRAFLORES|MIRAFLORES|LIMA": "-12.118360,-77.040730",
  "Urb. Los Jardines de Naranjal Mz D Lte 16 -SAN MARTIN DE PORRES|SAN MARTIN DE PORRES|LIMA": "-11.987816,-77.098251",
  "CALLE AYACUCHO 270 - PISCO|CHINCHA PISCO|ICA": "-13.708811,-76.201265",
  "CALLE 28 DE JULIO 397 - CHINCHA|CHINCHA|ICA": "-13.426119,-76.162954",
  "Av Tupac Amaru 1664, carabayllo|CARABAYLLO|LIMA": "-11.874137,-77.015754",
  "Mz B1 LOTE 05 (altura cuadra 23 de ventanilla alta) Ventanilla , ventanilla Callao|VENTANILLA|LIMA": "-11.837312,-77.126240",
  "JR. GRAU NRO. 207 A.H. LURIN CERCADO (A UNA CUADRA DE LA MUNICIPALIDAD) LIMA - LIMA - LURIN|LURIN|LIMA": "-12.273564,-76.869343",
  "Av. Hipólito unanue #218 2 do piso Callao|CALLAO BELLAVISTA|LIMA": "-12.061902,-77.092554",
  "Av. Oscar R. Benavides 2836/2838 Bellavista Callao|CALLAO BELLAVISTA|LIMA": "-12.058653,-77.124275",
  "AV FRANCISCO JAVIER MARIATEGUI 1030|JESUS MARIA|LIMA": "-12.076835,-77.045379",
  "AV PASO DE LOS ANDES 610 - PUEBLO LIBRE|PUEBLO LIBRE|LIMA": "-12.068407,-77.059939",
  "AV PASO DE LOS ANDES 595 - PUEBLO LIBRE|PUEBLO LIBRE|LIMA": "-12.068407,-77.059939",
  "JIRÓN LIBERTAD 706 MAGDALENA|MAGDALENA|LIMA": "-12.086611,-77.067425",
  "Av. Naciones unidas 1611|CERCADO DE LIMA|LIMA": "-12.047321,-77.040144",
  "San Juan esquina con Av. 4/sn AH. San Juan de la libertad - chorrllos|CHORRILLOS|LIMA": "-12.190830,-76.986860",
  "Avenida General Santa Cruz 123. Jesús María|JESUS MARIA|LIMA": "-12.072730,-77.043169",
  "AV. TOMAS VALLE MZ G LT 7 URBANIZACION LUIS A. SANCHEZ|SAN MARTIN DE PORRES|LIMA": "-12.008277,-77.056276",
  "AV. SR DE CAUDIVILLA MZA. T1 LOTE. 19 URB. RESIDENCIAL LUCYANA CARABAYLLO|CARABAYLLO|LIMA": "-11.900723,-77.033034",
  "JR. ORION 340 URB MERCURIO-LOS OLIVOS|LOS OLIVOS|LIMA": "-11.998387,-77.063446",
  "km 40 mza 6 lote 5 A.H. Nuevo lurin|LURIN|LIMA": "-12.273369,-76.868890",
  "AV LOS INCAS MZ I4 LTE 13 URB EL PINAR - COMAS|COMAS|LIMA": "-11.920134,-77.061301",
  "JR SAN ROMAN MZ F LT 14 - LURIN|LURIN|LIMA": "-11.948751,-76.977911",
  "Mz G lt 2 lll etapa Villa Alejandro Lurin|LURIN|LIMA": "-12.236048,-76.910046",
  "CP San Pedro de Carabayllo, calle José de San Martín mz F, lt 24, segundo piso-Carabayllo|CARABAYLLO|LIMA": "-11.828715,-77.086879",
  "AV 255 MZ I LT 13 SECTOR D3 PACHACUTEC - VENTANILLA|VENTANILLA|LIMA": "-11.837312,-77.126240",
  "AV AYACUCHO MZ D16 LT 16 MI PERU|VENTANILLA|LIMA": "-11.859817,-77.124861",
  "Av. John F. Kennedy 440 Urb. Valdivieso, SMP|SAN MARTIN DE PORRES|LIMA": "-12.024639,-77.066770",
  "AV.PUENTE PIEDRA 563 PUENTE PIEDRA|PUENTE PIEDRA|LIMA": "-11.866174,-77.073319",
  "Mz D lote 19 A.A.HH San juan bautista ,av los incas N° 720 comas|COMAS|LIMA": "-11.957301,-77.049757",
  "Av. Las palmeras 5710. Urb. Villa norte. Los olivos|LOS OLIVOS|LIMA": "-12.247833,-76.931658",
  "AV PACASMAYO MZ A LTE 23 URB JORGE CHAVEZ II ETAPA|CALLAO|LIMA": "-12.052263,-77.139113",
  "Av. San Felipe 707 segundo piso comas|COMAS|LIMA": "-11.900938,-77.039702",
  "Av gerardo unger 6528 urb santa luzmila referencia al costado d la comisaría santa luzmila -COMAS|COMAS|LIMA": "-11.957301,-77.049757",
  "JR TALARA 489 - SAN MARTIN DE PORRES|SAN MARTIN DE PORRES|LIMA": "-11.987816,-77.098251",
  "JR FRANCISCO BOLOGNESI 188 URB PLAYA RIMAC|CALLAO|LIMA": "-12.038018,-77.096246",
  "MI PERU MZ B 09 LT 29 AV AYACUCHO - VENTANILLA|VENTANILLA|LIMA": "-11.862634,-77.111620",
  "CALLE S/N MZA. D LOTE. 13, URB. LAS DELICIAS DE OQUENDO|CALLAO|LIMA": "-11.999125,-77.109994",
  "AV HALLA DE LA TORRE 982|CALLAO BELLAVISTA|LIMA": "-13.055319,-76.350682",
  "Av. Pacasmayo 4986 Mz. A Lt 26, Urb. Jorge Chávez|CALLAO|LIMA": "-12.060236,-77.148883",
  "AV UNIVERSITARIA 3035 MZ J LT 10 - SMP|SAN MARTIN DE PORRES|LIMA": "-11.985629,-77.079446",
  "AV CARLOS IZAGUIRRE 728 2 PISO URB LAS PALMERAS DE LOS OLIVOS|LOS OLIVOS|LIMA": "-11.991325,-77.081073",
  "Jr orion 328 urb mercurio los olivos|LOS OLIVOS|LIMA": "-11.998387,-77.063446",
  "AV UNIVERSITARIA 657|SAN MARTIN DE PORRES|LIMA": "-11.985629,-77.079446",
  "AV PERU 4025 - SMP|SAN MARTIN DE PORRES|LIMA": "-12.030324,-77.093159",
  "AV PERU 2056 - SMP|SAN MARTIN DE PORRES|LIMA": "-12.031624,-77.067430",
  "Av. San Martin 1473 Mz E Lt 7 urb sol de Ica - Ica - Ica -Ica|ICA|ICA": "-14.074968,-75.727178",
  "PROCERES DE HUANDOY MZ B LT 46|LOS OLIVOS|LIMA": "-11.959634,-77.076307",
  "Av Palmeras 3888 Piso 3|LOS OLIVOS|LIMA": "-11.988003,-77.082816",
  "Av Carlos Izaguirre 1147 - los Olivos|LOS OLIVOS|LIMA": "-11.990966,-77.093744",
  "PROLONGACION AYACUCHO N° 493 - SAN MIGUEL|SAN MIGUEL|LIMA": "-12.081352,-77.087029",
  "AV TUPAC AMARU 6455 - COMAS|COMAS|LIMA": "-11.921037,-77.041806",
  "AV. ABANCAY N° 256 OFICJNA 202. CERCADO DE LIMA|CERCADO DE LIMA|LIMA": "-12.046667,-77.026290",
  "Calle 16 N°634 URB CARABAYLLO|COMAS|LIMA": "-11.970942,-77.058308",
  "JR. union 650 URB Pablo sexto Comas|COMAS|LIMA": "-11.925482,-77.045307",
  "AV. DEFENSORES DEL MORRO MZA. D LOTE. 60 INT. 2 ASC. SARITA COLONIA|CHORRILLOS|LIMA": "-12.185095,-77.007518",
  "Av. Primero de mayo 1201, Carmen de la Legua Reynoso. CALLAO.|CALLAO|LIMA": "-12.039248,-77.088953",
  "avenida universitaria norte 7381 A 2da etapa de Urbanizacion retablo comas|COMAS|LIMA": "-11.957301,-77.049757",
  "AV LOS HEROES 424 - SAN JUAN DE MIRAFLORES 3ER PISO|SAN JUAN DE MIRAFLORES|LIMA": "-12.163236,-76.963552",
  "AV TUPAC AMARU 2702 URB EL PROGRESO - CARABAYLLO|CARABAYLLO|LIMA": "-11.880480,-77.019923",
  "AVENIDA MANUEL CIPRIANO DULANTO 1196 PUEBLO LIBRE|PUEBLO LIBRE|LIMA": "-12.074901,-77.079361",
  "AV METROPOLITANA MZ B1 LT 52 - ATE|ATE|LIMA": "-12.024508,-76.916215",
  "Av. La Victoria N° 381 - Puente Piedra - Lima|PUENTE PIEDRA|LIMA": "-12.043487,-77.029743",
  "AV. SAN LUIS 2891 SAN BORJA|SAN BORJA|LIMA": "-12.084546,-76.996888",
  "EL ROBLE MZ G LT 3 - PUENTE PIEDRA|PUENTE PIEDRA|LIMA": "-11.853895,-77.068298",
  "Av puente piedra 445- A urbanización cercado de puente piedra|PUENTE PIEDRA|LIMA": "-11.876333,-77.074534",
  "AV. JOSE CARLOS MARIATEGUI 2291 URB. HUANCAYO II ETAPA|EL AGUSTINO|LIMA": "-12.045667,-76.987861",
  "Psje Las Begonias Mz A Lt 12( Urb. Santa Rosa) -CAÑETE|CAÑETE|LIMA": "-12.764467,-76.531298",
  "JR LA PLATA 798 - SMP|SAN MARTIN DE PORRES|LIMA": "-12.030141,-77.052642",
  "Av Arriba Perú 727|VILLA EL SALVADOR|LIMA": "-12.208112,-76.945564",
  "AV PACASMAYO MZ I 2 LT 5|CALLAO|LIMA": "-11.997653,-77.107831",
  "AV LOS PROCERES 115 - SMP|SAN MARTIN DE PORRES|LIMA": "-12.012058,-77.087356",
  "Av los virreyes MZ B lote 1C motivación Zavaleta - Ate|ATE|LIMA": "-12.029367,-76.937508",
  "AV. UNIVERSITARIA 806 URB. PANDO 4ETAPA|SAN MIGUEL|LIMA": "-12.069166,-77.079935",
  "AV PACASMAYO 4976 URB JORGE CHAVEZ- CALLAO|CALLAO|LIMA": "-12.020054,-77.096771",
  "Calle San Juan Bautista 516, Urb. Palao - San Martín de Porres|SAN MARTIN DE PORRES|LIMA": "-11.987816,-77.098251",
  "AV PALERMO 514 2DO PISO|LA VICTORIA|LIMA": "-12.065094,-77.030849",
  "CALLE ROSACRUCES 143 - ATE|ATE|LIMA": "-12.055078,-76.944317",
  "AV LOS OLIVOS MZ U LT 21- LA MOLINA|LA MOLINA|LIMA": "-12.095256,-76.942494",
  "JR santa beatriz 297 San Gabriel|VILLA MARIA DEL TRIUNFO|LIMA": "-12.136897,-76.945811",
  "Avenida 28 de julio 378 jesus maria|JESUS MARIA|LIMA": "-12.065045,-77.042305",
  "AV. AVIACION 4945|SURCO|LIMA": "-12.124224,-76.999388",
  "AV THOMAS VALLE 3451 URB JORGE CHAVEZ II ETAPA|CALLAO|LIMA": "-12.052263,-77.139113",
  "AV CONSTRUCTORES 1060-LA MOLINA|LA MOLINA|LIMA": "-12.062518,-76.949056",
  "Av La Merced 868 - 870|SURCO|LIMA": "-12.134627,-77.009608",
  "Av. Santa Rosa 120 - La Perla|CALLAO BELLAVISTA|LIMA": "-12.071505,-77.123068",
  "JR CONFRATERNIDAD 554 PISO 2 URB PRO 2da ETAPA - LOS OLIVOS|LOS OLIVOS|LIMA": "-11.956470,-77.071051",
  "Av los Quechuas 232 Salamanca - ate|ATE|LIMA": "-12.074851,-76.981221",
  "mz L ,Lote 25 villa Alejandro 1 era etapa lurin|LURIN|LIMA": "-12.273369,-76.868890",
  "AV JOSE CARLOS MARIATEGUI 1657|VILLA MARIA DEL TRIUNFO|LIMA": "-12.224012,-76.914547",
  "Rodolfo Rutte 424 Magdalena Del Mar|MAGDALENA|LIMA": "-12.090216,-77.062355",
  "Avenida los constructores 1230 int 3 La Molina|LA MOLINA|LIMA": "-12.062518,-76.949056",
  "AV. RAUL FERRERO REBAGLIATI NRO. 1276 URB. EL REMANSO ET. UNO (PISO 2, OFICINA 02, CC ZENTRO LA MOLINA) - LA MOLINA|LA MOLINA|LIMA": "-12.077983,-76.917284",
  "Av. Alfredo Benavides 712 Of 606 Miraflores|MIRAFLORES|LIMA": "-12.127281,-77.011195",
  "Av Tupac amaru 7263, urb la calichera.|COMAS|LIMA": "-11.960267,-77.053991",
  "CALLE JORGE MUELLE 433 TDA 3 TORRE 21 LIMATAMBO|SAN BORJA|LIMA": "-12.108234,-77.004483",
  "Manuel Gonzales 1296-A 2do piso urbanización el retablo 4ta etapa comas|COMAS|LIMA": "-11.957301,-77.049757",
  "Av roca de vergallo 493 oficina 1312 Magdalena|MAGDALENA|LIMA": "-12.092369,-77.073309",
  "Jr Jose Rufino Echenique 344-A - San Juan de Miraflores|SAN JUAN DE MIRAFLORES|LIMA": "-12.163236,-76.963552",
  "URB-PREVI BOCANEGRA MZ 19 LT 10 CALLAO|CALLAO|LIMA": "-12.023077,-77.103877",
  "AV SAN MARTIN ZONA C MZ E LT 2 - CIENEGUILLA|CIENEGUILLA|LIMA": "-12.089994,-76.849485",
  "Calle Santa María Reyna MZ z lote 02, urb San Diego SMP|SAN MARTIN DE PORRES|LIMA": "-11.981479,-77.096311",
  "AV PARQUE AYACUCHO 135 - PUEBLO LIBRE|PUEBLO LIBRE|LIMA": "-12.073299,-77.056969",
  "AV. 13 DE ENERO 2201 URB. LA HUAYRONA|SAN JUAN DE LURIGANCHO 1|LIMA": "-11.994668,-77.003971",
  "Av. Flora Tristán 633 2do piso La Molina|LA MOLINA|LIMA": "-12.069717,-76.948844",
  "AV. LOS PATRIOTAS 184 INT. TD 3 - SAN MIGUEL|SAN MIGUEL|LIMA": "-12.077597,-77.096720",
  "Av. Guardia Republicana 571|RIMAC|LIMA": "-12.031029,-77.034693",
  "Av Velasco Astete 2078 centro comercial el trigal , surco|SURCO|LIMA": "-12.127639,-76.987988",
  "Av. Jesús Morales 998A, 2do piso|SAN JUAN DE MIRAFLORES|LIMA": "-12.158263,-76.974721",
  "AV CANTO GRANDE 3671|SAN JUAN DE LURIGANCHO|LIMA": "-12.018966,-77.014027",
  "CALLE TENIENTE CARLOS CHAVEZ JIMENEZ 292|CHORRILLOS|LIMA": "-12.173442,-77.000313",
  "CALLE.01 MZA. V3 LOTE. 13 URB. SATELITE (FRENTE AL PARQUE DE LA MUJER) PROV. CONST. DEL CALLAO - PROV. CONST. DEL CALLAO - VENTANILLA|VENTANILLA|LIMA": "-11.839591,-77.125785",
  "AV CARLOS IZAGUIRRE 1304|LOS OLIVOS|LIMA": "-11.990966,-77.093744",
  "CALLE CASTRO VIRREYNA 269 - ICA|ICA|ICA": "-13.711494,-76.201915",
  "AV LOS QUECHUAS 350 - ATE|ATE|LIMA": "-12.074851,-76.981221",
  "AV BOLIVAR 1336 - PUEBLO LIBRE|PUEBLO LIBRE|LIMA": "-12.073556,-77.055907",
  "SECTOR 3 GRUPO 16 MZ P LT 1 AV MARIATEGUI CON REVOLUCIÓN|VILLA EL SALVADOR|LIMA": "-12.222817,-76.931638",
  "Calle loma andina 124 - SURCO|SURCO|LIMA": "-12.133399,-76.985929",
  "Av Fernando Terán 117 - Chorrillos|CHORRILLOS|LIMA": "-12.170891,-77.018578",
  "MZ D LTE 14 PJ JAVIER HERAUD|SAN JUAN DE MIRAFLORES|LIMA": "-12.175197,-76.962005",
  "Av. Palermo 196 Urb Balconcillo La Victoria|LA VICTORIA|LIMA": "-12.074779,-77.023306",
  "AA.HH jerusalem Manzana C lote 18 Puente Piedra|PUENTE PIEDRA|LIMA": "-11.866798,-77.077838",
  "AV. CARABAYLLO 524 URB. PARRAL, COMAS|COMAS|LIMA": "-11.953769,-77.057021",
  "AV LOS JARDINES ESTE N-577 URB INCA MANCO CAPAC|SAN JUAN DE LURIGANCHO|LIMA": "-12.002716,-76.998910",
  "Av. 26 de Noviembre 190, Nueva Esperanza, VMT (Referencia prdo 1 1/2, frente a Marco Polo)|VILLA MARIA DEL TRIUNFO|LIMA": "-12.172829,-76.933153",
  "Calle Manuel tellería 127 condevilla señor SMP|SAN MARTIN DE PORRES|LIMA": "-12.024598,-77.087388",
  "Av. Luis braille 1477- 1479 Urb. La Trinidad - Cercado de Lima|CERCADO DE LIMA|LIMA": "-12.057272,-77.036886",
  "Av caminos del Inca 1651 surco|SURCO|LIMA": "-12.132268,-76.982723",
  "CALLE AYAR AUCA 102 COMAS|COMAS|LIMA": "-11.929014,-77.051997",
  "Av Angamos este 979|SURQUILLO|LIMA": "-12.112960,-77.021600",
  "AV VILLAVERDE Nº 208 - SMP|SAN MARTIN DE PORRES|LIMA": "-12.015179,-77.072113",
  "Calle Ernesto Odriozola 178- PUEBLO LIBRE|PUEBLO LIBRE|LIMA": "-12.077367,-77.062280",
  "AV. DEL MURO OESTE 391, MZ. M-15 LT. 34, MARISCAL CÁCERES PARADERO 5 AV MARISCAL CACERES|SAN JUAN DE LURIGANCHO|LIMA": "-11.958814,-76.987369",
  "calle 5 MZ. A lote 30 urbanización Campoy SJL|SAN JUAN DE LURIGANCHO 1|LIMA": "-12.023166,-76.973565",
  "Av. 26 de julio #186 Urb San Pablo 1era etapa - SAN LUIS|SAN LUIS|LIMA": "-12.068884,-77.005204",
  "Jirón camino real 379, Santiago de surco|SURCO|LIMA": "-12.151855,-77.012977",
  "Avenida Primavera 1929, Surco -|SURCO|LIMA": "-12.110748,-76.984925",
  "Pasaje Yauyos 112-primer piso San Felipe|COMAS|LIMA": "-11.901488,-77.038348",
  "JR.DIEGO DE ALMAGRO 280|JESUS MARIA|LIMA": "-12.065193,-77.043696",
  "Avenida Ricardo Tizón y Bueno 634 Jesús María|JESUS MARIA|LIMA": "-12.079570,-77.050184",
  "JR CASCADAS 303 - LA MOLINA|LA MOLINA|LIMA": "-12.090177,-76.922338",
  "Av. Velasco Alvarado s/n , sector 2 grupo 24 mz P Lt 5|VILLA EL SALVADOR|LIMA": "-12.213120,-76.945055",
  "AV PROLONGACION CESAR CANEVARO 362|SAN JUAN DE MIRAFLORES|LIMA": "-12.151700,-76.963443",
  "PJ. SAN ROBERTO NRO. 175 (FRENTE UN GRIFO) LIMA - LIMA - LINCE|LINCE|LIMA": "-12.082522,-77.031002",
  "Av canto grande N 3650 2do piso SAN JUAN DE LURIGANCHO|SAN JUAN DE LURIGANCHO|LIMA": "-11.990730,-77.015621",
  "CAL. JOSE NEYRA 155 URB. LA CALERA DE LA MERCED SURQUILLO - LIMA-LIMA|SURQUILLO|LIMA": "-12.114193,-77.001698",
  "Calle Aricota 106 of 1003 Santiago de Surco|SURCO|LIMA": "-12.114527,-76.992115",
  "AV. RAFAEL ESCARDO 273 MARANGA SAN MIGUEL|SAN MIGUEL|LIMA": "-12.077810,-77.093630",
  "JR. PIETRO TORRIGIANO 270 URB. CORPAC - SAN BORJA|SAN BORJA|LIMA": "-12.096844,-77.010575",
  "AV. ENRIQUE MEIGGS 956 - CERCADO DE LIMA|CERCADO DE LIMA|LIMA": "-12.046765,-77.029702",
  "Av defensores del morro 471 , 2do piso|CHORRILLOS|LIMA": "-12.168747,-77.024510",
  "Jr Soledad 354 Lince|LINCE|LIMA": "-12.081560,-77.023591",
  "LAS CAOBAS 164 LA MOLINA|LA MOLINA|LIMA": "-12.094775,-76.947980",
  "PANAMERICANA SUR KM 308 LOS AQUIJES ICA|ICA|LIMA": "-14.090756,-75.717982",
  "AV. DE LA MARINA NRO. 2500 URB. MARANGA ET. UNO LIMA - LIMA - SAN MIGUEL. LOCAL N°1110|SAN MIGUEL|LIMA": "-12.076472,-77.088570",
  "CALLE MAR DE LAS ANTILLAS MZ E LT 2 - ATE|ATE|LIMA": "-12.014727,-76.897741",
  "JR MANCO SEGUNDO 2411 - LINCE|LINCE|LIMA": "-12.085717,-77.046179",
  "Av. Canta Callao Asociación Los lirios Mzb, Lte29|SAN MARTIN DE PORRES|LIMA": "-11.987042,-77.103685",
  "Calle María Elena Moyano 198 la Calera|SURQUILLO|LIMA": "-12.114216,-77.010462",
  "AV. CONSTRUCTORES 1070 SANTA PATRICIA|LA MOLINA|LIMA": "-12.064341,-76.952558",
  "SECTOR 2 GRUPO 14 Mz E Lte 4|VILLA EL SALVADOR|LIMA": "-12.205324,-76.950155",
  "Avenida Palmeras 5386 A villa del Norte Olivos|LOS OLIVOS|LIMA": "-11.952900,-77.070564",
  "Calle Enrique palacios 739|MIRAFLORES|LIMA": "-12.119096,-77.030308",
  "AV. GRAN CHIMU NRO. 921 INT. 1 URB. ZARATE (PISO 2-ALT.PUENTE NUEVO) LIMA - LIMA - SAN JUAN DE LURIGANCHO|SAN JUAN DE LURIGANCHO 1|LIMA": "-11.969171,-77.004826",
  "AV LA ALBORADA 1452- PUEBLO LIBRE|PUEBLO LIBRE|LIMA": "-12.067808,-77.067586",
  "AV PASEO DE LA REPUBLICA Mz A Lte 1 - URB SANTA LEONOR - CHORRILLOS|CHORRILLOS|LIMA": "-12.175760,-77.012815",
  "Lote 13 de la manzana N con frente a avenida Chinchaysuyo segundo piso - Independencia|INDEPENDENCIA|LIMA": "-11.991946,-77.050372",
  "Av Horacio Urteaga 1474 - 3er piso, Of 301 - 302 - 304 - Jesús Maria|JESUS MARIA|LIMA": "-12.071099,-77.040418",
  "AV ARIOSTO MATELLINI 467|CHORRILLOS|LIMA": "-12.178009,-77.008710",
  "AV. AREQUIPA 2450 OF.1104 LINCE|LINCE|LIMA": "-12.088908,-77.034384",
  "AV DEFENSORES DE LIMA 1228|SAN JUAN DE MIRAFLORES|LIMA": "-12.138248,-76.975108",
  "Av 13 de enero 2369 urb san carlos san juan de lurigancho|SAN JUAN DE LURIGANCHO|LIMA": "-11.990701,-77.005365",
  "Jirón amazonas 311 urb caja de agua sjl|SAN JUAN DE LURIGANCHO 1|LIMA": "-12.027729,-77.011204",
  "Jr rio tumbes 397 urb las Moras San luis|SAN LUIS|LIMA": "-12.076515,-77.001551",
  "Calle Luis Espejo 1087 Santa Catalina La Victoria|LA VICTORIA|LIMA": "-12.083229,-77.016048",
  "AV 13 DE ENERO 2720|SAN JUAN DE LURIGANCHO|LIMA": "-11.986633,-77.003326",
  "Av canto grande MZ n lote 33 Urb san Ignacio|SAN JUAN DE LURIGANCHO|LIMA": "-11.958127,-76.997948",
  "Mz N5 Lte.28 Ubr. Mariscal Caceres-San Juan de Lurigancho|SAN JUAN DE LURIGANCHO|LIMA": "-11.948751,-76.977911",
  "AV. MICAELA BASTIDAS 384- COMAS|COMAS|LIMA": "-11.928778,-77.056067",
  "AV CESAR VALLEJO MZ N LT 1 - V.E.S|VILLA EL SALVADOR|LIMA": "-12.221607,-76.951176",
  "SC. 2 GR.14 MZ A LT 5 DE LA AV. JUAN VELASCO ALVARADO N°853 TIENDA 01 VILLA EL SALVADOR|VILLA EL SALVADOR|LIMA": "-12.206698,-76.936555",
  "Av. San Borja Sur 850, SAN BORJA|SAN BORJA|LIMA": "-12.099766,-77.009597",
  "AV. REPUBLICA DE PANAMA 121|CALLAO BELLAVISTA|LIMA": "-12.060023,-77.132388",
  "Av. pirámide del sol 526 Zárate - SAN JUAN DE LURIGANCHO|SAN JUAN DE LURIGANCHO 1|LIMA": "-12.018065,-77.002804",
  "AV LIMA 1011|VILLA MARIA DEL TRIUNFO|LIMA": "-12.223760,-76.908277",
  "JR HUAMACHUCO 1443 JESUS MARÍA|JESUS MARIA|LIMA": "-12.078186,-77.046403",
  "AVENIDA GRAN CHIMÚ 758 - ZÁRATE|SAN JUAN DE LURIGANCHO 1|LIMA": "-11.983541,-77.009283",
  "AV BRASIL 1170|PUEBLO LIBRE|LIMA": "-12.070973,-77.050109",
  "Av. aviacion 4226|SURQUILLO|LIMA": "-12.115909,-76.999011",
  "PJ SANTA ROSA MZ P LOT 04 - CHORRILLOS|CHORRILLOS|LIMA": "-12.132212,-76.435357",
  "calle arboleda 145 la planicie la molina|LA MOLINA|LIMA": "-12.088069,-76.946614",
  "CALLE AGUSTIN GAMARRA 518 - PUEBLO LIBRE|PUEBLO LIBRE|LIMA": "-12.077367,-77.062280",
  "Av. Gran pajaten 365 alt. Cdra 15 gran Chimú Urb. Zarate|SAN JUAN DE LURIGANCHO 1|LIMA": "-11.977714,-77.010363",
  "Jr Almirante Grau Zn D Mz E lote 8B|CIENEGUILLA|LIMA": "-12.073167,-76.777071",
  "MZ. C LT 20 URB. LOS JAZMINES DEL NARANJAL|LOS OLIVOS|LIMA": "-11.976916,-77.079233",
  "AV AVIACION 2591 DISTRITO SAN BORJA|SAN BORJA|LIMA": "-12.100688,-77.001755",
  "JR CASTROVIRREYNA 420 - BREÑA|BREÑA|LIMA": "-12.066538,-77.052221",
  "JR FRANCISCO FERREYROS 261 - RIMAC|RIMAC|LIMA": "-12.018721,-77.029913",
  "Jr. Enrique Barron 1200 Santa Beatriz - CERCADO DE LIMA|CERCADO DE LIMA|LIMA": "-12.073643,-77.033347",
  "Av flora Tristán 452 Urb santa Patricia esquina de Javier Prado y flora Tristán|LA MOLINA|LIMA": "-12.069592,-76.942521",
  "JR. DANIEL HERNANDEZ 894 - PUEBLO LIBRE|PUEBLO LIBRE|LIMA": "-12.078808,-77.069874",
  "Av. Túpac Amaru 1327 Urb. Huaquillay Comas km11|COMAS|LIMA": "-11.960267,-77.053991",
  "AV PROCERES DE LA INDEPENDENCIA 2246 URB SAN HILARION 1ra ETAPA|SAN JUAN DE LURIGANCHO|LIMA": "-11.984955,-77.006776",
  "ASOC. SAN MARTIN MZ D1 LT3 ICA|ica pisco|ICA": "-13.837732,-76.247634",
  "COOPERATIVA DE VIVIENDA SANTA URSULA MZ I LOTE 1-A|SAN JUAN DE MIRAFLORES|LIMA": "-12.182096,-76.965153",
  "Av. José Gálvez 2200 Lince|LINCE|LINCE": "-12.083860,-77.029220",
  "AV VILLA MARIA 391|SAN JUAN DE MIRAFLORES|LIMA": "-12.169206,-76.955690",
  "Jirón Viña Lariena Mz O lote 6, Urb. Los parrales de Surco. Surco|SURCO|LIMA": "-12.165778,-76.993655",
  "AV. ALAMEDA SAN LORENZO 585, LOS CEDROS DE VILLA|CHORRILLOS|LIMA": "-12.201215,-77.009896",
  "CERCADO DE PUENTE PIEDRA – PASAJE MARIANO MELGAR 105|PUENTE PIEDRA|LIMA": "-11.874497,-77.090760",
  "Av. Paso de los Andes 189 Maranga San Miguel|San Miguel|LIMA": "-12.066159,-77.100079",
  "Ed. Los Fresnos 109, infreso 3- Residencial San Felipe Jesús María - Lima|JESUS MARIA|LIMA": "-12.083649,-77.054053",
  "Calle Mártir Olaya 129 of 1306 - MIRAFLORES|MIRAFLORES|LIMA": "-12.119997,-77.030236",
  "ASOC. PORVENIR MZ C LT 4 , 3er piso - KM 6.5 - ATE|ATE|LIMA": "-12.038728,-76.896873",
  "PJ REPUBLICA FEDERAL ALEMANA MZ G LT 30-A - SJM|SAN JUAN DE MIRAFLORES|LIMA": "-12.173290,-76.968418",
  "Av. Prolongación Cesar Canevaro 345 A Urb. Valle Sarón, San Juan de Miraflores|SAN JUAN DE MIRAFLORES|LIMA": "-12.163236,-76.963552",
  "Av huarangal Mz C, Lt 3, 2do piso interior 02. A. H. las Casuarinas de Carabayllo|CARABAYLLO|LIMA": "-11.828311,-77.043924",
  "Av. Del Aire 1557 (Mezzanine) - San Luis|SAN LUIS|LIMA": "-12.078565,-77.000790",
  "Av. Mariscal Nieto 171 Urb. El Pino - San Luis - Lima|SAN LUIS|LIMA": "-12.072739,-76.992932",
  "Av. Bolognesi 725 - BARRANCO|BARRANCO|LIMA": "-12.151085,-77.019924",
  "Av. Universitaria 672 Of.2 San Miguel|SAN MIGUEL|LIMA": "-12.077877,-77.081619",
  "Av. Tupac Amaru 968 La Perla Callao|CALLAO BELLAVISTA|LIMA": "-12.056355,-77.107339",
  "AV 26 DE NOVIEMBRE 758|VILLA MARIA DEL TRIUNFO|LIMA": "-12.168606,-76.918585",
  "CALLE ENRIQUE PALACIOS 360 INT 502 - MIRAFLORES|MIRAFLORES|LIMA": "-12.113209,-77.031171",
  "PASAJE SAN JOSE 149 - MAGDALENA|MAGDALENA|LIMA": "-12.092686,-77.071466",
  "AV PROLONGACION JAVIER PRADO 8837 LOS PORTALES DE JAVIER PRADO|ATE|LIMA": "-12.036601,-76.924718",
  "Av julio C Tello 677- Lince|LINCE|LIMA": "-12.082975,-77.029677",
  "Av Cuba 1285 2do piso Jesús María|JESUS MARIA|LIMA": "-12.075203,-77.045911",
  "Av. San Martín de Porres MZ A lote1A asociación de vivienda los Girasoles de Santa Clara - Ate|ATE|LIMA": "-12.014457,-76.877944",
  "AV FAUSTINO SANCHEZ CARRION 270|MAGDALENA|LIMA": "-12.087710,-77.061429",
  "AV GENERAL EUGENIO GARZON 1846|JESUS MARIA|LIMA": "-12.082906,-77.058458",
  "SUCRE 1105|MAGDALENA|LIMA": "-12.088369,-77.069072",
  "AV. CANADA 3789 - SAN LUIS|SAN LUIS|LIMA": "-12.082304,-76.997285",
  "JR MANUEL CUADROS 116 OF 202 - CERCADO DE LIMA|CERCADO DE LIMA|LIMA": "-12.046765,-77.029702",
  "AV INDEPENDENCIA 252 - SAN MIGUEL|SAN MIGUEL|LIMA": "-12.086801,-77.082892",
  "AV JAVIER PRADO 6969 URB COVIMA|LA MOLINA|LIMA": "-12.069717,-76.948844",
  "AV. CANADA NRO. 3789 - SAN LUIS|SAN LUIS|LIMA": "-12.082304,-76.997285",
  "av paseo de la República 2490- lince|LINCE|LIMA": "-12.081397,-77.027318",
  "AV SAN JUAN 981 - SAN JUAN DE MIRAFLORES|SAN JUAN DE MIRAFLORES|LIMA": "-12.166578,-76.972609",
  "Av ignacio merino 1695|LINCE|LIMA": "-12.084354,-77.032477",
  "CALLE ORQUIDEAS MZ J LT 8|SAN JUAN DE LURIGANCHO|LIMA": "-11.997343,-76.995748",
  "Avenida José Santos Chocano 558 Carmen de la Legua Reynoso|callao|LIMA": "-12.041315,-77.090931",
  "ALAMEDA LOS MISIONEROS 354|CALLAO|LIMA": "-12.015144,-77.101324",
  "victorio gotuzzo bianchi 230 la tinguiña ica|ICA|LIMA": "-14.042363,-75.709539",
  "AV PASEO DE LA REPUBLICA 378 URB SAN JUDAS TADEO|CHORRILLOS|LIMA": "-12.102176,-77.027713",
  "Av. Miguel Grau zona D mz f lt 1c tambo viejo cieneguilla|CIENEGUILLA|LIMA": "-12.112545,-76.821138",
  "Calle buenaventura sepulveda 1257- CERCADO|CERCADO DE LIMA|LIMA": "-12.053587,-77.031467",
  "JR ANDROMEDA 336 URB MATELLINI|CHORRILLOS|LIMA": "-12.169368,-77.010364",
  "CAL.SANTIAGO DE COMPOSTELA 137 URB. CC LA ESTANCIA|LA MOLINA|LIMA": "-12.086822,-76.936737",
  "combate de inquique 191 SantiAgo de surco|SURCO|LIMA": "-12.212103,-77.008271",
  "Av. Lima 258 Urb. Caja de agua|SAN JUAN DE LURIGANCHO 1|LIMA": "-12.027729,-77.011204",
  "Av. Arnaldo Márquez 1152, 1er piso|JESUS MARIA|LIMA": "-12.066013,-77.044353",
  "JR. GENERAL CANTERAC 158- JESÚS MARÍA|JESUS MARIA|LIMA": "-12.078186,-77.046403",
  "Av. Tupac Amaru 3062 Urb El Progreso - CARABAYLLO|CARABAYLLO|LIMA": "-11.877739,-77.017845",
  "Avenida sucre 1234 Magdalena|MAGDALENA|LIMA": "-12.083560,-77.067269",
  "AV. SUCRE 688|PUEBLO LIBRE|LIMA": "-12.078014,-77.064714",
  "calle monte rosa 284 int 1004 chacarilla del estanque, surco|SURCO|LIMA": "-12.112144,-76.990688",
  "JR. TUPAC YUPANQUI 7140 URB. TREBOL|LOS OLIVOS|LIMA": "-12.007376,-77.072072",
  "JR LA CANTUTA 416|SAN JUAN DE LURIGANCHO|LIMA": "-11.984955,-77.006776",
  "Av. Héroes del Cenepa con jirón(calle) Geologos Mz J1 Lt 22 Urb. Mariscal|SAN JUAN DE LURIGANCHO|LIMA": "-11.966401,-76.970847",
  "Av. Canto Grande 2671|SAN JUAN DE LURIGANCHO 1|LIMA": "-11.984445,-77.011920",
  "CALLE BERLIN 392|ATE|LIMA": "-12.039743,-76.927924",
  "Calle Cascanueces 272, Santa Anita|SANTA ANITA|LIMA": "-12.043273,-76.961946",
  "AV LOS FRESNOS 1859 - LA MOLINA|LA MOLINA|LIMA": "-12.091689,-76.947042",
  "Sector 2 grupo 12 mz B lt 13|VILLA EL SALVADOR|LIMA": "-12.205182,-76.943242",
  "AV. ALAMEDA LOS CEDROS 245 URB. LOS CEDROS DE VILLA|CHORRILLOS|LIMA": "-12.202894,-77.015381",
  "Av Miguel iglesias mz D lote 3 , trébol azul|SAN JUAN DE MIRAFLORES|LIMA": "-12.159583,-76.958771",
  "AV. ARENALES 910 ICA|ICA|ICA": "-14.060943,-75.733982",
  "CALLE ICA G02 SALAS DE GUADALUPE ICA|ICA|ICA": "-13.985112,-75.770326",
  "AV. JHON F KENNEDY 105 ICA|ICA|ICA": "-14.047252,-75.700553",
  "JR SANTIAGO COMPOSTELLA 173 - LA MOLINA|LA MOLINA|LIMA": "-12.074011,-76.913679",
  "AV JAVIER PRADO ESTE 7118, PISO 3- LA MOLINA|LA MOLINA|LIMA": "-12.055647,-76.935334",
  "Samoa 336 Sol de la Molina|LA MOLINA|LIMA": "-12.083084,-76.897901",
  "AV. La Molina 1021, Urb. Las Acacias - La Molina|LA MOLINA|LIMA": "-12.090177,-76.922338",
  "Av. La Fontana 440 Stand 2049 y 2047 - la molina|LA MOLINA|LIMA": "-12.077983,-76.917284",
  "Av. San Juan 464-B, Zona B - San Juan de Miraflores|SAN JUAN DE MIRAFLORES|LIMA": "-12.166578,-76.972609",
  "Av. 13 de Enero S-17 Urb. Horizonte de Zárate. San Juan de Lurigancho|SAN JUAN DE LURIGANCHO|LIMA": "-11.948751,-76.977911",
  "AV. ALFREDO MENDIOLA 3857 DPTO. 201 URB. PANAMERICANA NORTE|LOS OLIVOS|LIMA": "-11.992057,-77.064214",
  "jiron piedra luna N 2669 Mz RR Lte 29, Urb san carlos sjl|SAN JUAN DE LURIGANCHO|LIMA": "-11.988614,-77.002588",
  "AV. GRAN CHIMU 345 2DO PISO|SAN JUAN DE LURIGANCHO 1|LIMA": "-11.978202,-77.010671",
  "Av. José de la Riva Agüero 1878 - 2D0 PISO- El Agustino|EL AGUSTINO|LIMA": "-12.040442,-76.997596",
  "calle6 abril, Mz80, Lt1.AAHH municipal Chillón - Los olivos|LOS OLIVOS|LIMA": "-11.924416,-77.076227",
  "Avenida General Garzon 1283 oficina 608- JESUS MARIA|JESUS MARIA|LIMA": "-12.071033,-77.041337",
  "AV VICTOR ANDRES BELAUNDE OESTE 596|COMAS|LIMA": "-11.930164,-77.064919",
  "AV. UNIVERSITARIA NORTE N° 3748 MZ A LT 2 ASOC. SAN JUAN DE DIOS 2DO PISO, DISTRITO DE LOS OLIVOS|LOS OLIVOS|LIMA": "-11.991672,-77.070911",
  "AV. 22 DE AGOSTO NRO. 966 URB. SANTA LUZMILA ET. DOS LIMA - LIMA - COMAS|COMAS|LIMA": "-11.945309,-77.064632",
  "AV JOSÉ DE SUCRE 134 - EL CARMEN - COMAS|COMAS|LIMA": "-11.936658,-77.036745",
  "Av San Idelfonso 199|CHINCHA|LIMA": "-13.424140,-76.135623",
  "Urbanizacion san jose, L 19, av los maestros|ICA|LIMA": "-14.067695,-75.738806",
  "Calle Los Llanos Mz. A Lt. 6, Asociación Pro Vivienda Viques - Ate|ATE|LIMA": "-12.038728,-76.896873",
  "Jr. Julio Bellido 501( 2do piso) Zona D, Urb. San Juan - San Juan de Miraflores|SAN JUAN DE MIRAFLORES|LIMA": "-12.163236,-76.963552",
  "AV. JUAN VELASCO ALVARADO NRO. 853 (ALTURA OVALO DE LA MUJER) LIMA - LIMA - VILLA EL SALVADOR|VILLA EL SALVADOR|LIMA": "-12.208244,-76.939786",
  "Prolongación ariosto matellini #330 mz M lote 4 urb santa Leonor|CHORRILLOS|LIMA": "-12.170948,-77.021260",
  "Jr. Emilio Sandoval 117 - Chorrillos|CHORRILLOS|LIMA": "-12.167878,-77.023242",
  "Av 1ro de mayo 1159 ( sector 1 , grupo 18 mz N lote 13 )|VILLA EL SALVADOR|LIMA": "-12.220402,-76.950226",
  "Av 1ro mayo 431 V.E.S|VILLA EL SALVADOR|LIMA": "-12.190751,-76.944301",
  "Pasaje Eneas #170 urbanización Sagitario- Surco.|SURCO|LIMA": "-12.153698,-76.984689",
  "AV PASEO DE LA CASTELLANA 386 SURCO|SURCO|LIMA": "-12.102176,-77.027713",
  "CALLE JORGE MUELLE 121 URB. TORRES DE LIMATAMBO SAN BORJA|SAN BORJA|LIMA": "-12.108588,-77.003316",
  "Jr guardia civil norte Mz J lt 6 urb los parrales Surco|SURCO|LIMA": "-12.167006,-76.992148",
  "Prolongación av Miguel iglesias MZ I 1 lote 18 héroes de San Juan - San Juan de Miraflores|SAN JUAN DE MIRAFLORES|LIMA": "-12.163236,-76.963552",
  "AV.AREQUIPA 4026 MIRAFLORES|MIRAFLORES|LIMA": "-12.104034,-77.031420",
  "AV REDUCTO 1539 - MIRAFLORES|MIRAFLORES|LIMA": "-12.134064,-77.023093",
  "INT 616, Av. Faustino Sánchez Carrión 790, Magdalena del Mar 15076, Perú|MAGDALENA|LIMA": "-12.098836,-77.067098",
  "JR AGUARICO 514 - BREÑA|BREÑA|LIMA": "-12.061324,-77.052865",
  "AV GENERAL GARZON 1699|JESUS MARIA|LIMA": "-12.082906,-77.058458",
  "PROLONGACION LIMA 800|CHINCHA|CHINCHA": "-13.401111,-76.120952",
  "Mz G1 Lt 13 Urb El Pinar Comas|COMAS|LIMA": "-11.920134,-77.061301",
  "JR.VIRREY LA SERNA 484 LA VICTORIA|LA VICTORIA|LIMA": "-12.075540,-77.024825",
  "Av aramburu 245 2 piso - san Isidro|SAN ISIDRO|LIMA": "-12.104573,-77.047359",
  "Av paso de los Andes 1041|PUEBLO LIBRE|LIMA": "-12.068407,-77.059939",
  "Av. Miguel Grau 1436 Bellavista Callao|CALLAO BELLAVISTA|LIMA": "-12.060580,-77.130801",
  "AV UNIVERSITARIA 520 - SAN MIGUEL|SAN MIGUEL|LIMA": "-12.078157,-77.081719",
  "CALLE CARLOS AUGUSTO SALAVERRY NRO. 157|MIRAFLORES|LIMA": "-12.109380,-77.029941",
  "AV. VICTOR RAUL HAYA DE LA TORRE MZA. B LOTE. 8 URB. LA ESTANCIA - LA PERLA|CALLAO BELLAVISTA|LIMA": "-11.986206,-77.114828",
  "AV. PROCERES DE LA INDEPENDENCIA NRO 2999 INT A13 2DO PISO - C|SAN JUAN DE LURIGANCHO|LIMA": "-11.984955,-77.006776",
  "Av. Vilcabamba Mz G14 Lt. 9, Delicias de Villa - Chorrillos|CHORRILLOS|LIMA": "-12.196597,-76.986195",
  "Av. la Encalada Nro. 771b CC MONTERRICO – SANTIAGO DE SURCO|SURCO|LIMA": "-12.100964,-76.968595",
  "Jr. Buenaventura Aguirre 101, oficina 217. Barranco.|BARRANCO|LIMA": "-12.149698,-77.021291",
  "AV. JORGE CHAVEZ NRO. 1444 URB. EL PALMAR LIMA - LIMA - SANTIAGO DE SURCO|SURCO|LIMA": "-12.149676,-77.007656",
  "Jr Rodríguez de Mendoza 405 Pueblo Libre|PUEBLO LIBRE|LIMA": "-12.050071,-77.028353",
  "Calle Maximiliano Carranza 1195 - San Juan de Miraflores|SAN JUAN DE MIRAFLORES|LIMA": "-12.163236,-76.963552",
  "AV. JUAN PARDO DE ZELA 436 PISO 2 - LINCE|LINCE|LIMA": "-12.083581,-77.034610",
  "Bernardo Alcedo 112 - Lince|LINCE|LIMA": "-12.083841,-77.028931",
  "AV. EL TRIUNFO 475 - VILLA MARÍA DEL TRIUNFO|VILLA MARIA DEL TRIUNFO|LIMA": "-12.162968,-76.943870",
  "SECTOR 2 GRUPO 8 MZ H LOTE 16 - VES|VILLA EL SALVADOR|LIMA": "-12.206171,-76.939375",
  "JIRON JOSE DE LA TORRE UGARTE 166 OFICINA 1102 LINCE (ALTURA DE LA CUADRA 25 DE LA AV. AREQUIPA)|LINCE|LIMA": "-12.082522,-77.031002",
  "Jirón Alfonso Ugarte 444|SAN MIGUEL|LIMA": "-12.091415,-77.082270",
  "Av Husares de Junín 573|JESUS MARIA|LIMA": "-12.078198,-77.049775",
  "Avenida Horacio Urteaga 1137|JESUS MARIA|LIMA": "-12.078163,-77.051975",
  "AV FEDERICO GALLESE 753 - SAN MIGUEL|SAN MIGUEL|LIMA": "-12.090316,-77.083344",
  "AV. PABLO CARRIQUIRRY 115|SAN ISIDRO|LIMA": "-12.090757,-77.018862",
  "Calle las begonias 2723 Urb san Eugenio -LINCE|LINCE|LIMA": "-12.089764,-77.024914",
  "av. Angélica gamarra mz. J lt. 22-23 urb. Sta Rosa Los olivos|LOS OLIVOS|LIMA": "-11.991672,-77.070911",
  "Av Benavides 1394 San antonio miraflores|MIRAFLORES|LIMA": "-12.125281,-77.024189",
  "AV. LA MAR 1999 A PUEBLO LIBRE|PUEBLO LIBRE|LIMA": "-12.074901,-77.079361",
  "Jr. Los brillantes 493, la victoria|LA VICTORIA|LIMA": "-12.062223,-77.034154",
  "Av. Central 1642 Sector 2 Grupo 8|VILLA EL SALVADOR|LIMA": "-12.205324,-76.950155",
  "SECTOR 1, GRUPO 03, MZ N, LOTE 03 VILLA EL SALVADOR, REFERENCIA ENTRE AV. CENTRAL Y AV. 1 DE MAYO|VILLA EL SALVADOR|LIMA": "-12.220217,-76.934925",
  "Av Universitaria Norte 6609 Urb Santa Luzmila-Comas|COMAS|LIMA": "-11.942543,-77.060133",
  "Edificio 360. Av Reducto 861. Of 330. Miraflores.|MIRAFLORES|LIMA": "-12.123666,-77.013223",
  "Jr. Los Quipus 282 Urb. Zarate SJL|SAN JUAN DE LURIGANCHO|LIMA": "-12.013771,-76.992524",
  "Urb. Sol de Vitarte. Calle Tres Marias 291. Ate.|ATE|LIMA": "-12.021800,-76.836400",
  "Av Alfonso ugarte 2098 Paradero 12 Jose Galvez vmt|VILLA MARIA DEL TRIUNFO|LIMA": "-12.176644,-76.918968",
  "JOSE LEAL 1029 LINCE|LINCE|LIMA": "-12.085527,-77.040843",
  "MZ A11 LT 1 SECTOR LEONCIO PRADO - SAN JUAN DE MIRAFLORES|SAN JUAN DE MIRAFLORES|LIMA": "-12.163236,-76.963552",
  "Av. La Marina Edif 2529. intercomunicador 202. consultorio 202. Al costado de inversiones la cruz.|SAN MIGUEL|LIMA": "-12.072751,-77.095353",
  "AVENIDA GENERAL GARZÓN N°2196 A JESÚS MARÍA|JESUS MARIA|LIMA": "-12.076662,-77.053182",
  "AV. UNIVERSITARIA 390 URB. SANTA ISABEL|CARABAYLLO|LIMA": "-11.905066,-77.031374",
  "AV SUCRE 538 MADGALENA DEL MAR , LIMA|MAGDALENA|LIMA": "-12.095715,-77.068224",
  "Calle La Pera 155. Surquillo|SURQUILLO|LIMA": "-11.733740,-77.134672",
  "JR CAJAMARQUILLA 891|SAN JUAN DE LURIGANCHO 1|LIMA": "-12.001725,-77.008411",
  "Calle prolongación Cayetano Heredia 311 A Pueblo Libre|PUEBLO LIBRE|LIMA": "-12.076646,-77.055912",
  "Av. Javier Prado Este 1184 Of. 201 - San Isidro|SAN ISIDRO|LIMA": "-12.089587,-77.012731",
  "Avenida reducto 916 Miraflores|MIRAFLORES|LIMA": "-12.130925,-77.023663",
  "AV. CANTO GRANDE 3649 ALT PDRO 9 DE AV CANTO GRANDE - SJL|SAN JUAN DE LURIGANCHO|LIMA": "-11.966165,-76.995283",
  "Av. Los Faisanes 358 Dpto 805 Torre A - Chorrillos|CHORRILLOS|LIMA": "-12.176482,-76.995507",
  "AV LOS NOGALES 450 URB CANTO BELLO- SAN JUAN DE LURIGANCHO|SAN JUAN DE LURIGANCHO|LIMA": "-11.983541,-77.009283",
  "Av Brasil 1263|JESUS MARIA|LIMA": "-12.072520,-77.051563",
  "Sector 3, grupo 16, Mercado Atahualpa tienda #15 - segundo piso. Ref.: Av Revolución.|VILLA EL SALVADOR|LIMA": "-12.222817,-76.931638",
  "AV.PRECURSORES 685 URB MARANGA 4TA ETAPA SAN MIGUEL|SAN MIGUEL|LIMA": "-12.069166,-77.079935",
  "AV. SUCRE 810|MAGDALENA|LIMA": "-12.091324,-77.070053",
  "Av. Petit Thouars 4350 Of. 302 Miraflores|MIRAFLORES|LIMA": "-12.105923,-77.030260",
  "JR. MANUEL ARRISUEÑO - SANTA CATALINA NRO. 637|LA VICTORIA|LIMA": "-12.088120,-77.020769",
  "AV. ISABEL LA CATOLICA NRO. 972 URB. EL PORVENIR|LA VICTORIA|LIMA": "-12.068381,-77.014636",
  "MZ.M-7 LOTE 21.AA.HH.SU SANTIDAD JUAN PABLO II. 2° PISO. SAN JUAN DE LURIGANCHO|SAN JUAN DE LURIGANCHO|LIMA": "-11.940717,-76.994633",
  "Av. Universitaria norte 9243 2do piso - Comas|COMAS|LIMA": "-11.955947,-77.052716",
  "Jirón Huiracocha 1658 - Jesús Maria|JESUS MARIA|LIMA": "-12.084112,-77.051608",
  "AV. LOS DOMINICOS NR 562 URB. SEQUI CENTENARIO|CALLAO|CALLAO": "-12.052263,-77.139113",
  "AV REVOLUCION 1710 - sector 2 Grupo 14 Mz A LT 14|VILLA EL SALVADOR|LIMA": "-12.222817,-76.931638",
  "CALLE SAN FRANCISCO 255|ica pisco|ICA": "-13.709555,-76.200731",
  "Av. Pedro Beltrán 207 Urb. Satélite Ventanilla - Callao|VENTANILLA|LIMA": "-11.870620,-77.120495",
  "AV. RAFAEL ESCARDO 201 SAN MIGUEL|SAN MIGUEL|LIMA": "-12.077307,-77.093289",
  "Av antisuyo Nro 495 2do piso Tahuantinsuyo Independencia|INDEPENDENCIA|LIMA": "-11.977837,-77.046373",
  "Calle Caqueta 106 - Chincha ALTA|CHINCHA|ICA": "-13.416649,-76.136208",
  "PQ PARQUE DE LA UNION PANAMERICANA. 274|LA VICTORIA|LIMA": "-12.077415,-77.022308",
  "AV LIBERTAD 2050 - SAN MIGUEL|SAN MIGUEL|LIMA": "-12.081144,-77.099949",
  "PROLONGACION LA MAR CUADRA 7 MZ B LT 6 LA VICTORIA|LA VICTORIA|LIMA": "-12.063947,-77.030098",
  "AV. COLONIAL 2505|CERCADO DE LIMA|LIMA": "-12.060486,-77.037023",
  "Calle Lima 492 - Ica|ICA|ICA": "-13.681710,-76.157483",
  "Av Parque 12 de Octubre 2453-A La Victoria|LA VICTORIA|LIMA": "-12.071096,-77.033698",
  "AV. LA PAZ 1998 URB. CIUDAD DE PAPEL|SAN MIGUEL|LIMA": "-12.069498,-77.086106",
  "AV 9 DE DICIEMBRE 508 - CAÑETE|CAÑETE|LIMA": "-13.287420,-76.252876",
  "Domingo MARTINEZ Luján 933 surquillo|SURQUILLO|LIMA": "-12.111673,-77.016407",
  "CALLE DAVID MATTO 153- PUEBLO LIBRE|PUEBLO LIBRE|LIMA": "-12.082120,-77.065731",
  "Av. La Alborada 1774 Urb. Chacra Ríos Cercado de Lima|CERCADO DE LIMA|LIMA": "-12.057272,-77.036886",
  "Av. Mariano H. Cornejo 1085. Pueblo Libre|PUEBLO LIBRE|LIMA": "-12.082034,-77.066670",
  "AV COLECTORA 574 LOCAL 202 2DO PISO|CALLAO|LIMA": "-12.052263,-77.139113",
  "CALLE TEODORO CARDENAS 130 - 6TO. PISO SANTA BEATRIZ|JESUS MARIA|LIMA": "-12.075152,-77.043904",
  "AV. BERNARDO BALAGUER MZA. B LOTE. 18 URB. LA ALAMEDA DE ÑAÑA (A 50 METROS DE OFIC SERENAZGO) 3ERA ETAPA - LURIGANCHO|ATE LURIGANCHO|LIMA": "-12.014753,-76.920952",
  "Jr Huáscar 1666 Jesús María|JESUS MARIA|LIMA": "-12.078186,-77.046403",
  "Sector 3 grupo 25 manzana B Lote 14-VILLA EL SALVADOR|VILLA EL SALVADOR|LIMA": "-12.207460,-76.933139",
  "CA. RIO HUALLAGA 431A|SAN JUAN DE LURIGANCHO|LIMA": "-11.983541,-77.009283",
  "AV. GENERAL JUAN ANTONIO PEZET 1405 SAN ISIDRO|SAN ISIDRO|LIMA": "-12.103015,-77.051405",
  "Av . Los Alisos 881 - Los Olivos|LOS OLIVOS|LIMA": "-11.983938,-77.069054",
  "AV LIMA MZ 38 LT 25 -CHILCA-CAÑETE-LIMA|CHILCA|LIMA": "-12.528579,-76.730055",
  "Avenida Carlos Izaguirre 1244 segundo piso. Los Olivos.|LOS OLIVOS|LIMA": "-11.991325,-77.081073",
  "Av.universitaria 638 urb. Lucyana carabayllo|CARABAYLLO|LIMA": "-11.895965,-77.036695",
  "AV. CANADA Nº 3660 SAN LUIS|SAN LUIS|LIMA": "-12.098395,-76.994634",
  "Calle Ramon del Valle Inclan 110 interior 301, altura de la cuadra 13 av los consttuctores|LA MOLINA|LIMA": "-12.077983,-76.917284",
  "AV. SAN MARTIN 541 - ICA|ICA|ICA": "-13.418105,-76.128048",
  "CAL.GLADIOLOS CON TULIPANES MZA. E4 LOTE. 1 URB. SAN ISIDRO ICA - ICA - ICA|ICA|ICA": "-13.856864,-76.252181",
  "jr. Puquinas 130 entre las cuadras 11 y 12 av quechuas Salamanca ate|ATE|LIMA": "-12.038728,-76.896873",
  "sector 6 prupo 11 mz a lote 12 villa el salvador|VILLA EL SALVADOR|LIMA": "-12.222817,-76.931638",
  "Urb Benjamín Doig MZ F1 Lt 15 Pasaje Los Eucaliptos La Perla|CALLAO BELLAVISTA|LIMA": "-12.061902,-77.092554",
  "AV. PÉREZ SALMÓN NRO. 1269 (A LA ALT. 34 AV. COLONIAL)|CALLAO BELLAVISTA|LIMA": "-12.061902,-77.092554",
  "AV. GRAN CHIMU 1513 URB. ZARATE|SAN JUAN DE LURIGANCHO 1|LIMA": "-11.983541,-77.009283",
  "Jr. Cruz del Sur N°140 Ofic. 1717 Mz E Lt. 85 Urb. Los Granados. pis0 17|SURCO|LIMA": "-11.867817,-76.457659",
  "JR BOGOTA 167 - LA MOLINA|LA MOLINA|LIMA": "-12.090177,-76.922338",
  "Av la Marina 2517 of 200c San Miguel|SAN MIGUEL|LIMA": "-12.072912,-77.103178",
  "PARQUE MANUEL GONZALES PRADA 287|MAGDALENA|LIMA": "-11.996524,-77.066703",
  "Av. Coronel Inclán 235 Miraflores piso 3 consultorio 307|MIRAFLORES|LIMA": "-12.120621,-77.029499",
  "Calle llanos Mz A Lt 1 Ate Vitarte|ate|LIMA": "-12.025964,-76.918890",
  "LA MAR NRO. 2348 (ESPALDA DE PLAZA SAN MIGUEL) LIMA - LIMA - SAN MIGUEL|SAN MIGUEL|lIMA": "-12.079114,-77.094787",
  "OTR.GRUPO RESIDENCIAL 21-A MZA. CH LOTE. 20 SEC. PRIMERO|VILLA EL SALVADOR|LIMA": "-12.210116,-76.936727",
  "Parque Raimondi 199 - BARRANCO|BARRANCO|LIMA": "-12.147036,-77.017931",
  "Av. Revolución cuadra 16 sector 2 grupo 13 Mz E Lte. 5 Villa el Salvador|VILLA EL SALVADOR|LIMA": "-12.222817,-76.931638",
  "PEDRO VENTURO 104 URB. HIGUERETA SANTIAGO DE SURCO|SURCO|LIMA": "-12.121922,-76.992664",
  "Jr. Las Magnolias Mz. I Lt. 1, Interior 3, Urb. Prolongación San Ignacio de Monterrico Sur, Surco.|SURCO|LIMA": "-12.131698,-76.987079",
  "Jirón Italia 1905 - La Victoria|LA VICTORIA|LIMA": "-12.068717,-77.008983",
  "JR. RIO AMAZONAS NRO. 3215 URB. CANTO REY (2DO PISO)SAN JUAN DE LURIGANCHO|SAN JUAN DE LURIGANCHO|LIMA": "-11.968900,-76.997308",
  "Av. La Marina 725, Pueblo Libre|PUEBLO LIBRE|LIMA": "-12.079256,-77.077476",
  "jirón San Diego 542|SURQUILLO|LIMA": "-12.118756,-77.021985",
  "ST.9 GP.4 MZ F LOTE 10 OASIS DE VILLA-VILLA EL SALVADOR|VILLA EL SALVADOR|LIMA": "-12.237272,-76.931345",
  "Av san Luis nro 2753. San Borja|SAN BORJA|LIMA": "-12.084546,-76.996888",
  "Jr. Victor. Pantoja. Castillo. 285 - Pueblo Libre|PUEBLO LIBRE|LIMA": "-12.077837,-77.062246",
  "Av. Pachacutec 3346 2do piso Distrito de villa María del triunfo|VILLA MARIA DEL TRIUNFO|LIMA": "-12.168787,-76.950610",
  "Av. próceres de la independencia 2479 - SAN JUAN DE LURIGANCHO|SAN JUAN DE LURIGANCHO|LIMA": "-11.999354,-77.008826",
  "Jr. Rio Vitor 171, Mz B Lt 5, segundo piso, Urb Los Geranios, Comas|COMAS|LIMA": "-11.896525,-77.044272",
  "CALLE UNION 149 ATE|ATE|LIMA": "-12.031159,-76.939162",
  "AV INSURGENTES 842 - SAN MIGUEL|SAN MIGUEL|LIMA": "-12.068687,-77.104114",
  "Av salvador Allende S/N. VMT hospital sisol|VILLA MARIA DEL TRIUNFO|LIMA": "-12.142536,-76.954319",
  "Av Canadá 1234 - La victoria|LA VICTORIA|LIMA": "-12.084697,-77.009278",
  "sector 2 grupo 10 MZ N lote 13 villa el salvador|VILLA EL SALVADOR|LIMA": "-12.211304,-76.936294",
  "urbanización Santa Rosa Quinta etapa calle 01 mz A Lt 29 chorrilllos|CHORRILLOS|LIMA": "-12.170948,-77.021260",
  "sector 2, grupo 3, mz i, lote 21, Villa el Salvador.|VILLA EL SALVADOR|LIMA": "-12.207460,-76.933139",
  "COOPERATIVA VIRGEN DE COCHARCAS MZ D LOTE 09- VILLA EL SALVADOR|VILLA EL SALVADOR|LIMA": "-12.222817,-76.931638",
  "AV. VARGAS MACHUCA 685. ZONA E- SAN JUAN DE MIRAFLORES|SAN JUAN DE MIRAFLORES|LIMA": "-12.165410,-76.972714",
  "AV. PROLONGACION GUARDIA CIVIL S/N. FRENTE A MALL REAL PLAZA GUARDIA CIVIL- CHORRILLOS|CHORRILLOS|LIMA": "-12.176887,-76.991222",
  "Av. Belisario Suarez 953 San Juan de Miraflores|SAN JUAN DE MIRAFLORES|LIMA": "-12.160429,-76.975337",
  "sector 1, grupo 20, manzana O, lote 4. Villa el salvador ( referencia: Av. Los angeles entre la ruta b y álamos)|VILLA EL SALVADOR|LIMA": "-12.213503,-76.937026",
  "Calle Francisco bolognesi 1818 Mz 167 Lt.13 José Gálvez Sector 2 Gr. 7 Mz. M lote 10 Av revolución 1459 Villa El Salvador|VILLA EL SALVADOR|LIMA": "-12.213503,-76.937026",
  "JR SAPOSOA 256|LA VICTORIA|LIMA": "-12.062638,-77.030135",
  "JR CUZCO DPTO 101 SANTA PATRICIA 467 - LA MOLINA|LA MOLINA|LIMA": "-12.069717,-76.948844",
  "Av. Revolución Mz J Lote 32 2da etapa Urbanización Pachacamac-villa el salvador|VILLA EL SALVADOR|LIMA": "-12.222817,-76.931638",
  "Francisco bolognesi 316|PUENTE PIEDRA|LIMA": "-11.929967,-77.097553",
  "Sector 1 Grupo 16 Mz J Lote 15 - Villa el Salvador|VILLA EL SALVADOR|LIMA": "-12.191624,-76.954670",
  "Av caminos del inca 1678|SURCO|LIMA": "-12.119347,-76.988590",
  "Calle 22 mz M lt 12 ubr villa los reyes provincia const del callao, provincia const callao ventanilla|VENTANILLA|LIMA": "-11.839591,-77.125785",
  "panamericana Sur MZ 29.9 sub lote A1 , segundo piso local L219, distrito de villa el salvador|VILLA EL SALVADOR|LIMA": "-12.213503,-76.937026",
  "AV ARNALDO MARQUEZ 653A|JESUS MARIA|LIMA": "-12.080315,-77.055048",
  "AV JORGE CHAVEZ 1396|SURCO|LIMA": "-12.152513,-77.003311",
  "JR. ALICANTE 248|SURCO|LIMA": "-12.154370,-76.985167",
  "AV. ANGAMOS ESTE 1803 – SURQUILLO 6TO. PISO|SURQUILLO|LIMA": "-12.112183,-77.011278",
  "Jirón Arequipa 108 Magdalena del Mar|MAGDALENA|LIMA": "-12.090133,-77.070167",
  "AL.GONZALES OLAECHEA NRO. 211 LIMA - LIMA - SAN ISIDRO|SAN ISIDRO|LIMA": "-12.097902,-77.035367",
  "AV. CAMINOS DEL INCA NRO. 3257 URB. PROLONGACION BENAVIDES LIMA - LIMA - SANTIAGO DE SURCO|SURCO|LIMA": "-12.141636,-76.984949",
  "AV. VELASCO ASTETE 2742|SURCO|LIMA": "-12.114806,-76.984145",
  "Jirón José Gálvez 343 Segundo piso Magdalena del mar|MAGDALENA|LIMA": "-12.094887,-77.073342",
  "MZ N. LT. 7 GRUPO 3, CRUZ DE MOTUPE|SAN JUAN DE LURIGANCHO|LIMA": "-11.941135,-76.975450",
  "Av. Pablo Carriquiry N°116 - San Isidro|SAN ISIDRO|LIMA": "-12.092569,-77.019144",
  "Av. Cipriano Dulanto 213 - Pueblo Libre|PUEBLO LIBRE|LIMA": "-12.074859,-77.079542",
  "AV LOS JARDINES OESTE 352|SAN JUAN DE LURIGANCHO|LIMA": "-12.006888,-77.008164",
  "JR. SAN PEDRITO N° 186 CONST 1 MZ A LT. 16 URB. CRUZ DE SURCO (COOVIECMA)|SURCO|LIMA": "-11.867817,-76.457659",
  "Av. Proceres 505 Rimac|RIMAC|LIMA": "-12.032627,-77.041683",
  "Av. paseo de la República prolongación Mz. B-01 LT 19 Urbanización Paseo de la República chorrillos|CHORRILLOS|LIMA": "-12.175760,-77.012815",
  "AV. FEDERICO GALLESE N° 301 SAN MIGUEL|SAN MIGUEL|LIMA": "-12.090316,-77.083344",
  "CAL.JOSE PAYAN NRO. 130 (ALTURA CDRA.41 AV.AREQUIPA) LIMA - LIMA - MIRAFLORES|MIRAFLORES|LIMA": "-12.127394,-77.029755",
  "Av. Amador Merino Reyna N° 265 (2da PISO)- CARABAYLLO|CARABAYLLO|LIMA": "-11.893488,-77.022211",
  "calle 16 S/N AA. HH Juan Pablo II 1ra Etapa San Juan de Lurigancho|SAN JUAN DE LURIGANCHO|LIMA": "-11.983541,-77.009283",
  "Av. 3 DE OCTUBRE – ASENTAMIENTO HUMANO “VILLA SEÑOR DE LOS MILAGROS” ZONA 3 Nº 718 – COMAS,|COMAS|LIMA": "-11.941354,-77.045093",
  "Av. 28 de Julio 1260|LA VICTORIA|LIMA": "-12.061974,-77.020567",
  "AV.ALAMEDA DE LOS CEDROS 486 URB. CEDROS DE VILLA-CHORRILLOS|CHORRILLOS|LIMA": "-12.197845,-77.009396",
  "JR. DOÑA CATALINA 497 URB. LOS ROSALES – SANTIAGO DE SURCO|SURCO|LIMA": "-12.152769,-76.986217",
  "Av. Retablo 2043. Urb.El pinar / COMAS,|COMAS|LIMA": "-11.935952,-77.058331",
  "AV. HUSARES DE JUNIN 210|JESUS MARIA|LIMA": "-12.077179,-77.051161",
  "Calle Nicolás Copérnico 104 esquina con Avenida Constructores 1197 - 1199 oficina 301 lote 21 Urbanización Santa Patricia etapa 3 La Molina|LA MOLINA|LIMA": "-12.077983,-76.917284",
  "Pasaje Portobello 175, Urb. Portada La Planicie, La Molina, Lima|LA MOLINA|LIMA": "-12.076460,-76.917404",
  "Alameda de los Condores 326, la Molina|LA MOLINA|LIMA": "-12.103740,-76.947525",
  "LOS LAURELES 104 OFICINA 302 SURCO EDIFICIO LUMIERE|SURCO|LIMA": "-12.126617,-76.975766",
  "psj. Simon bolivar, cruce con av. Felipe Pinglo Alva cuadra 4-COMAS|COMAS|LIMA": "-11.911981,-77.022392",
  "Calle Grimaldo del Solar 162, Oficina 405 - Miraflores|MIRAFLORES|LIMA": "-12.122861,-77.026016",
  ", MZ A LT 13 CA. ASOCIACION RESIDENCIAL – SMP|SAN MARTIN DE PORRES|LIMA": "-12.044510,-76.967433",
  "Pje. Daniel A. Carrión N° 119, Salamanca - Ate|ATE|LIMA": "-12.078037,-76.981514",
  "AV UNIVERSITARIA 2029 SAN MIGUEL|SAN MIGUEL|LIMA": "-12.078157,-77.081719",
  "CALLE LOS CRISANTEMOS 0 MZ C LT 1A MIRAFLORES CAÑETE|CAÑETE|CAÑETE": "-12.650224,-76.620548",
  "asociacion propietarios 7 de agosto mz A lote 1 - callao|CALLAO|LIMA": "-12.069046,-77.124248",
  "Marcelino Gonzáles 293, dpto 101 urb Sta Catalina, La Victoria|LA VICTORIA|LIMA": "-12.083752,-77.021473",
  "ASS. SAN JUAN BAUTISTA MZ A LT 2 2DO PISO - ATE|ATE|LIMA": "-12.046849,-76.896713",
  "CALLE JOSE CARLOS MARIATEGUI 495 - SANTA ANITA|SANTA ANITA|LIMA": "-12.043125,-76.976819",
  "Av los chankas MZ k lote 33 , asociación los pinos|SANTA ANITA|LIMA": "-12.049415,-76.964576",
  "AV FRANCISCO BOLOGNESI 663 URB LOS FICUS|SANTA ANITA|LIMA": "-12.046786,-76.973471",
  "JR. LOS NOGALES NRO. 318 URB. UNIVERSAL (A ESPALDA DEL COLEGIO ALFONSO UGARTE) LIMA|SANTA ANITA|LIMA": "-12.049415,-76.964576",
  "Av Santa Rosa 343 URB santa Anita|SANTA ANITA|LIMA": "-12.045114,-76.964185",
  "AV. JOSE CARLOS MARIATEGUI N° 455 URB. UNIVERSAL - SANTA ANITA|SANTA ANITA|LIMA": "-12.043125,-76.976819",
  "Av. Los Ruiseñores 526 A|SANTA ANITA|LIMA": "-12.040902,-76.971070",
  "JR JOSE CARLOS MARIATEGUI 489 - SANTA ANITA|SANTA ANITA|LIMA": "-12.043125,-76.976819",
  "AV LA CULTURA 1278 MZ H LT 3|SANTA ANITA|LIMA": "-12.028980,-76.950943",
  "CALLE LAS TORCAZAS 194|SANTA ANITA|LIMA": "-12.039041,-76.960427",
  "Los flamencos 435 Urb Sta Anita|SANTA ANITA|LIMA": "-12.048541,-76.965876",
  "AV LOS CHANCAS DE ANDAHUAYLAS 269|SANTA ANITA|LIMA": "-12.038178,-76.965267",
  "Av. Santa Rosa 392 - Santa Anita|SANTA ANITA|LIMA": "-12.045114,-76.964185",
  "CALLE LOS FLAMENCOS 431 URB SANTA ANITA|SANTA ANITA|LIMA": "-12.048541,-76.965876",
  "AV GUARDIA CIVIL SUR 821|SURCO|LIMA": "-12.172955,-76.992095",
  "AV. HEROES DEL ALTO CENEPA 376 COMAS 15316|COMAS|LIMA": "-11.923131,-77.060100",
  "SECTOR 2. GRUPO 24 A, MZ J LTE 17 - VILLA EL SALVADOR|VILLA EL SALVADOR|LIMA": "-12.207460,-76.933139",
  "Cal Félix Lope De Vega N 193 2do piso Urbanización Santa Patricia III etapa la MolinA|LA MOLINA|LIMA": "-12.077983,-76.917284",
  "calle constructores del sol #112 altura de la cuadra uno de la Av. Constructores la Molina|LA MOLINA|LIMA": "-12.067900,-76.958211",
  "Av. Pachacútec 3677 villa María del triunfo|VILLA MARIA DEL TRIUNFO|LIMA": "-12.191586,-76.936420",
  "AV JOSE CARLOS MARIATEGUI SECTOR 3 GRUPO 29 mz B lt 3 AAHH chavin de huantar|VILLA EL SALVADOR|LIMA": "-12.223194,-76.936496",
  "Av. Ricardo Palma 341, OFICINA 301, MIRAFLORES|MIRAFLORES|LIMA": "-12.118837,-77.027226",
  "AV URUBAMBA 372 COOPERTIVA 27 DE ABRIL - ATE|ATE|LIMA": "-12.038728,-76.896873",
  "Av. Antonio Sucre 659, Magdalena del Mar|magdalena|LIMA": "-12.092769,-77.071006",
  "MONTE DE ABETO MZ B2 LT 19|SURCO|LIMA": "-12.140533,-76.981860",
  "JR. CARLOS GIL 168, a 50 metros de la cuadra 7 de la avenida ex Huaylas. - CHORRILLOS|CHORRILLOS|LIMA": "-12.170948,-77.021260",
  "av de la policia 100, primer piso interior -HCM- jesus maría|JESUS MARIA|LIMA": "-12.086569,-77.059120",
  "Jr. Los Pumas 143 . Urb. Paseo de la República / chorrillos|CHORRILLOS|LIMA": "-12.175760,-77.012815",
  "AV. RICARDO PALMA 341 INT. 406 MIRAFLORES - LIMA (EDIFICIO PLATINO)|MIRAFLORES|LIMA": "-12.118837,-77.027226",
  "AV JORGE DIAZ VELASQUEZ MZ K1 LT 3 - LURIN|LURIN|LIMA": "-12.249181,-76.896618",
  "Av. Reynaldo Saavedra Pinon 2660-B|CERCADO DE LIMA|LIMA": "-12.054226,-77.066050",
  "av miguel iglesias mz b lt5 san juan de miraflores|SAN JUAN DE MIRAFLORES|LIMA": "-12.163236,-76.963552",
  "Av. Carlos Izaguirre N° 1106|LOS OLIVOS|LIMA": "-11.990966,-77.093744",
  "av. revolucion mz b lote 11 sc 2 grpo 12 villa el slavador|VILLA EL SALVADOR|LIMA": "-12.209601,-76.939105",
  "Carlos Tenaud 186 Tienda B Surco|SURCO|LIMA": "-12.129328,-76.998153",
  "AV. RETABLO NRO. 1015 LIMA - LIMA - COMAS|COMAS|LIMA": "-11.914035,-77.049906",
  "JR. GARCILASO DE LA VEGA 2127|LINCE|LIMA": "-12.061990,-77.037804",
  "Jr. Chavin 303 2do piso Coop. Los Chancas de Andahuaylas|SANTA ANITA|LIMA": "-12.049415,-76.964576",
  "Calle Augusto Wiese 766 vista alegre surco|SURCO|LIMA": "-12.137431,-76.995797",
  "Av Guardia Civil Norte Mz B lote 10 - surco|SURCO|LIMA": "-12.167006,-76.992148",
  "AV ALBERTO ALEXANDER 2295 - LINCE|LINCE|LIMA": "-12.088073,-77.047028",
  "Jr. Monte Rosa 125 Int. 2C 2 Urb. Chacarilla del Estanque Santiago de Surco -Lima -Lima|SURCO|LIMA": "-12.113862,-76.995137",
  "Jr Ganimedes mz C lt 7 urb Santa Modesta Surco|SURCO|LIMA": "-11.867817,-76.457659",
  "Mariscal caceres mz B 13 Lt. 24 - san juan de lurigancho|SAN JUAN DE LURIGANCHO|LIMA": "-11.993486,-76.999493",
  "Programa Ciudad Mariscal Cáceres MZ O6 Lt 41A Sector I, 1ra Etapa S.J.L.|SAN JUAN DE LURIGANCHO|LIMA": "-11.983541,-77.009283",
  "CALLE DOÑA DELMIRA 400 URB. LOS ROSALES - SANTIAGO DE SURCO|SURCO|LIMA": "-12.138974,-76.985819",
  "JR LOS INGENIIEROS MZ G LT 11 AAHH JAIME ZUBIETA CALDERON - SAN JUAN DE LURIGANCHO|SAN JUAN DE LURIGANCHO|LIMA": "-11.963116,-76.987724",
  "AV. SANTA ANITA 455, URB VILLA MARINA - CHORRILLOS|CHORRILLOS|LIMA": "-12.191788,-77.014907",
  "ca. Emrique martinelli freundt 132 urb. San antonio de surco|SURCO|LIMA": "-12.148855,-76.986275",
  "calle Samoa 373 Oficina 203A Sol de la molina Tercera etapa La Molina|LA MOLINA|LIMA": "-12.081345,-76.897842",
  "coop. América Mz:y Lt11 segundo piso. San Juan de Miraflores|SAN JUAN DE MIRAFLORES|LIMA": "-12.163236,-76.963552",
  "jr Rosendo Vidaurre 401 Barranco|BARRANCO|LIMA": "-12.137804,-77.018147",
  "Calle Bayovar Sur 295 - Surco|SURCO|LIMA": "-12.152994,-76.985899",
  "Calle Roca De Vergallo 493 oficina 1309 - Magdalena|MAGDALENA|LIMA": "-12.094397,-77.058120",
  "AV AREQUIPA 1345 OF 303|CERCADO DE LIMA|LIMA": "-12.060486,-77.037023",
  "av.benavides 3780 - Surco|SURCO|LIMA": "-12.127977,-76.988745",
  "Av Andres Avelino Caceres 279 2da zona collique. Comas.|Comas|LIMA": "-11.913451,-77.032355",
  "Av los Olivos Mz U Lote07 AAHH Viña Alta distrito La Molina|LA MOLINA|LIMA": "-12.095256,-76.942494",
  "AV VENEZUELA 6145 SAN MIGUEL|SAN MIGUEL|LIMA": "-12.060606,-77.080608",
  "AV. ARENALES 1912- OFICINA 1001- LINCE (CRUCE DE CANEVARO CON ARENALES)|LINCE|LIMA": "-12.082522,-77.031002",
  "Calle José Baquijano y Carrillo 255|SURCO|LIMA": "-12.154810,-76.990007",
  "Calle Tutupaca 273 - San Miguel|SAN MIGUEL|LIMA": "-12.079114,-77.094787",
  "Av defensores del morro 870 - Chorrillos|CHORRILLOS|LIMA": "-12.184379,-77.007514",
  "Calle Mercaderes 114 surco|SURCO|LIMA": "-12.130617,-76.983990",
  "CALLE MONTERROSA 284 , PISO 5 - OFICINA 504|SURCO|LIMA": "-11.867817,-76.457659",
  "Av Los Sauces mz K lote 1 - Urb los Sauces - ATE|ATE|LIMA": "-11.956318,-77.088720",
  "AAHH SOMOS LIBRES MZ D LT 16 SAN JUAN DE LURIGANCHO|SAN JUAN DE LURIGANCHO|LIMA": "-11.948751,-76.977911",
  "Jr. Julio Cesar Tello 1184 Urb. Risso - Lince|LINCE|LIMA": "-12.086978,-77.045895",
  "JR. VISTA ALEGRE MZ A31 LT 20 URBANO SAGITARIO - SURCO|SURCO|LIMA": "-12.134003,-76.992121",
  "Av Bolívar 524 oficina 416 Pueblo Libre|PUEBLO LIBRE|LIMA": "-12.073556,-77.055907",
  "AV. CAMINOS DEL INCA 3473|SURCO|LIMA": "-12.125149,-76.983234",
  "CALLE MARTÍN OVIEDO 102 PUEBLO LIBRE|PUEBLO LIBRE|LIMA": "-12.077367,-77.062280",
  "AV GALVEZ BARRENECHEA 819 - SAN BORJA|SAN BORJA|LIMA": "-12.108755,-77.008081",
  "AV. FAUCETT NRO. 2085 PROV. CONST. DEL CALLAO - BELLAVISTA|CALLAO BELLAVISTA|LIMA": "-12.055295,-77.098050",
  "AV. BELISARIO SUAREZ 704 SAN JUAN DE MIRAFLORES|SAN JUAN DE MIRAFLORES|LIMA": "-12.160429,-76.975337",
  "AV. JOSE PARDO 182 OF 404 MIRAFLORES|MIRAFLORES|LIMA": "-12.119004,-77.033039",
  "AV. ANDRES AVELINO CACERES NRO. 441 URB. - SURQUILLO|SURQUILLO|LIMA": "-12.119516,-77.021179",
  "AV RAUL FERRERO 1431 - LA MOLINA|LA MOLINA|LIMA": "-12.091598,-76.952354",
  "AV.HORACIO URTEAGA 1474 oficina 404|JESUS MARIA|LIMA": "-12.065401,-77.042277",
  "AV. SAN LUIS N° 2069 OF 302|san borja|LIMA": "-12.084546,-76.996888",
  "AV JOSE CARLOS MARIATEGUI 1505|VILLA MARIA DEL TRIUNFO|LIMA": "-12.148550,-76.950786",
  "Av paseo de la republica 1900 segundo piso -LINCE|LINCE|LIMA": "-12.086668,-77.025176",
  "AV. UNIVERSITARIA 390 URB. SANTA ISABEL CARABAYLLO|CARABAYLLO|LIMA": "-11.895965,-77.036695",
  "av Brasil 2730 PUEBLO LIBRE|PUEBLO LIBRE|LIMA": "-12.082780,-77.060007",
  "AV. FRANCISCO JAVIER MARIATEGUI 1579 JESUS MARIA|JESUS MARIA|LIMA": "-12.078365,-77.054917",
  "Ca. Las guindas MZ B lt.20 Urbanización las palmeras.El Agustino|EL AGUSTINO|LIMA": "-12.037301,-76.993198",
  "AV. EDUARDO DE HABICH 363, URB. INGENIERIA|SAN MARTIN DE PORRES|LIMA": "-12.026319,-77.054032",
  "Av. Riva agüero #487 - El Agustino (al costado. Del grifo petro perú)|EL AGUSTINO|LIMA": "-12.040442,-76.997596",
  "calle: Horacio Urteaga 1477 - B, Jesús Maria|JESUS MARIA|LIMA": "-12.073948,-77.052603",
  "Av. Manuel Cipriano Dulanto 1668, Pueblo Libre|PUEBLO LIBRE|LIMA": "-12.074901,-77.079361",
  "jr. ucayali 109 - dpto 201. San Miguel|SAN MIGUEL|LIMA": "-12.079114,-77.094787",
  "Jr Las Magnolias mz w lt 4 Luis Felipe de las casas ventanilla.|VENTANILLA|LIMA": "-11.825906,-77.129570",
  "CALLE GARCILAZO DE LA VEGA 351 - CHINCHA|CHINCHA|ICA": "-13.393689,-76.132844",
  "AV ARENALES 1807 - 2DO PISO - LINCE|LINCE|LIMA": "-12.081840,-77.029403",
  "AV. MANUEL VILLARAN 1089 URB. LOS SAUCES|SURQUILLO|LIMA": "-12.122217,-77.005770",
  "JR ANDRES AVELINO CACERES 307|VILLA MARIA DEL TRIUNFO|LIMA": "-12.156930,-76.940161",
  "MZ. J5 LT12 SAN MIGUEL|SAN JUAN DE LURIGANCHO|LIMA": "-11.948751,-76.977911",
  "Av prolongación Primavera 395, Chacarilla del Estanque,Lima 41-Peru|SAN BORJA|LIMA": "-12.110939,-76.986407",
  "AV. AVIACION 4461 SURQUILLO|SURQUILLO|LIMA": "-12.115909,-76.999011",
  "calle las águilas 243 Surquillo|SURQUILLO|LIMA": "-12.106699,-77.026040",
  "AV. AVIACION NRO. 4874 URB. RESID. HIGUERETA LIMA|SURCO|LIMA": "-12.121455,-76.998680",
  "JR. TIAHUANACO 1725 URB ZARATE|SAN JUAN DE LURIGANCHO 1|LIMA": "-12.023592,-76.988240",
  "Sector 6 grupo 8-A manzana O lote 17 Av pastor Sevilla ruta C Villa El Salvador|VILLA EL SALVADOR|LIMA": "-12.207823,-76.945983",
  "CALLE LOS PAUJILES 168, SURQUILLO|SURQUILLO|LIMA": "-12.102972,-77.021019",
  "calle la pera 415 surquillo|SURQUILLO|LIMA": "-12.108814,-77.014467",
  "jr medrano silva 198 barranco|BARRANCO|LIMA": "-12.134996,-77.020051",
  "AV GENERAL GARZON 1675 - JESUS MARIA|JESUS MARIA|LIMA": "-12.076715,-77.053153",
  "AV. REDUCTO 1370 MIRAFLORES|MIRAFLORES|LIMA": "-12.130925,-77.023663",
  "CALLE GANIMEDES 363 URB. GANIMEDES SJL|SAN JUAN DE LURIGANCHO|LIMA": "-11.980327,-77.010790",
  "Aviación 3187 san borja|SAN BORJA|LIMA": "-12.104792,-77.001066",
  "Alameda Los Horizontes 1001- Chorrillos|CHORRILLOS|LIMA": "-12.201198,-77.003331",
  "Jr. Jorge Sedano 385 - TERAPIAS NISI, Urb. Canto Bello, SJL|SAN JUAN DE LURIGANCHO|LIMA": "-12.001725,-77.008411",
  "AV. LA ENCALADA 746 OFICINA 204-SURCO|SURCO|LIMA": "-12.111613,-76.973457",
  "Av. José Carlos Mariategui #1551 San Gabriel VM|VILLA MARIA DEL TRIUNFO|LIMA": "-12.148362,-76.953070",
  "FAISANES 117 -SURQUILLO|SURQUILLO|LIMA": "-12.105288,-77.024716",
  "AV. ALFREDO BENAVIDES 1238, OFICINA 201, MIRAFLORES|MIRAFLORES|LIMA": "-12.126385,-77.019701",
  "Maria Parado de Bellido 214 Magdalena del mar|MAGDALENA|liMA": "-12.090446,-77.060162",
  "Calle lima 487 segundo piso IcaCalle lima 487 segundo piso Ica|ICA|ICA": "-14.064097,-75.729091",
  "AV UNIVERSITARIA NORTE 6272 - COMAS|COMAS|LIMA": "-11.932396,-77.055085",
  "MZ E LT 5 PJ SEÑOR DE LUREN II ETAPA - ICA|ICA|ICA": "-14.058243,-75.746722",
  "Av.07 De Junio N 385 Mz. C4 Lt. 15 Los Ficus - Santa Anita|SANTA ANITA|LIMA": "-12.053490,-76.973453",
  "calle Tacones 253 urb san Isidro ICA|ICA|ICA": "-13.944887,-75.785719",
  "AV LIMA 554 - CHINCHA|CHINCHA|ICA": "-13.422553,-76.134582",
  "Calle Tomás Ramsey 930 oficina 706. Edificios Soho - Magdalena del mar|MAGDALENA|LIMA": "-12.092372,-77.058476",
  "MZ M lote 14 APV compradores de terrenos de Campoy SJL.|SAN JUAN DE LURIGANCHO|LIMA": "-12.019749,-76.972632",
  "AV GRAN CHIMU 558|SAN JUAN DE LURIGANCHO 1|LIMA": "-11.983541,-77.009283",
  "PANAMERICANA SUR 319 - ICA|ICA|ICA": "-14.066483,-75.740299",
  "jr castilla 731 oficina 206, magdalena del mar|MAGDALENA|LIMA": "-12.092369,-77.073309",
  "Prolongacion Ayabaca 1208|ICA|ICA": "-14.073029,-75.742385",
  "JR. ECHENIQUE NRO. 922 - MAGDALENA DEL MAR|MAGDALENA|LIMA": "-12.095715,-77.068224",
  "AV LUIS GALVEZ CHIPOCO 390B - CHINCHA|CHINCHA|ICA": "-13.412401,-76.131811",
  "Av Los Chancas Mz R Lote 5 Urb. San Carlos- SANTA ANITA|SANTA ANITA|LIMA": "-12.045699,-76.946019",
  "Avenida Honorio delgado 351 Interior 201 smp|SAN MARTIN DE PORRES|LIMA": "-12.023588,-77.055454",
  "Jiron Manuel Villar 243 SMP|SAN MARTIN DE PORRES|LIMA": "-12.024273,-77.053286",
  "Av. Contisuyo 464 - Urb Tahuantinsuyo Independencia -Lima|INDEPENDENCIA|LIMA": "-11.978113,-77.050648",
  "avenida Micaela Bastidas 295 urb san Agustín comas|COMAS|LIMA": "-11.931932,-77.050181",
  "Jr Conococha 461 covida 1ra etapa. Los Olivos|LOS OLIVOS|LIMA": "-11.991672,-77.070911",
  "URB. PUENTE BLANCO J9 ICA|ICA|ICA": "-14.078868,-75.740519",
  "CALLE CALLAO 469 NAZCA - ICA|ICA|ICA": "-14.842893,-74.946285",
  "URB. LOS LIRIOS MZ E LT 2 – SAN MARTÍN DE PORRES|SAN MARTIN DE PORRES|LIMA": "-11.952318,-77.094426",
  "Av Fatima #136- Chincha Alta|CHINCHA|LIMA": "-13.411845,-76.122816",
  "PASAJE SAN PEDRO MZA. S LOTE. 6 URB. SAN AGUSTIN LIMA - CAÑETE - SAN VICENTE DE CAÑETE|CAÑETE|LIMA": "-13.077767,-76.387446",
  "MZ A LT 20 GRUPO 6 CRUZ MOTUPE|SAN JUAN DE LURIGANCHO|LIMA": "-11.941135,-76.975450",
  "JR TENIENTE JOSE LOPEZ 194 - COMAS|COMAS|LIMA": "-11.927068,-77.041007",
  "AV MALECON CHECA 883 URB ZARATE|SAN JUAN DE LURIGANCHO|LIMA": "-12.027649,-77.000847",
  "Jr. Coronel Inclán 238-A. San Miguel|SAN MIGUEL|LIMA": "-12.024461,-77.049583",
  "MZ E lote 5 primera etapa AA HH villa Alejandro - Lurin|LURIN|LIMA": "-12.273369,-76.868890",
  "AV MORALES DUAREZ 1400|CALLAO|LIMA": "-12.037510,-77.084872",
  "AV. VICTOR ANDRES BELAUNDE 444 PUEBLO NUEVO CHINCHA|CHINCHA|ICA": "-13.407905,-76.130572",
  "Primera cuadra del Jirón Arequipa Mz 4 Lt 11 distrito de Quilmaná Provincia de Cañete departamento Lima|CAÑETE|LIMA": "-12.949174,-76.383997",
  "calle fray Martín de murua 150. Oficina 704. San Miguel|SAN MIGUEL|LIMA": "-12.079794,-77.107292",
  "Avenida 3 de febrero 921- La Victoria|LA VICTORIA|LIMA": "-12.069432,-77.028665",
  "MZ I LT 5 ASOC. VIVIENDA CHILLON 3 ERA ETAPA|PUENTE PIEDRA|LIMA": "-11.866798,-77.077838",
  "Ruiseñores 625 santa anita|SANTA ANITA|LIMA": "-12.051800,-76.966135",
  "AV LOS FICUS CDA 3 URB LAS VIOLETAS INDEPENDENCIA|INDEPENDENCIA|LIMA": "-12.005400,-77.052409",
  "AV LOS EUCALIPTUS 847- SANTA ANITA|SANTA ANITA|LIMA": "-12.044130,-76.938710",
  "JIRON SURIMANA 315 URB TUPAC AMARU|SAN LUIS|LIMA": "-12.023073,-77.050494",
  "MZ.A LT 01 DEL PROGRAMA DE VIVIENDA LAS VIÑAS DEL NORTE 1ERA ETAPA|PUENTE PIEDRA|LIMA": "-11.851935,-77.081344",
  "AV LOS RUISEÑORES 768|SANTA ANITA|LIMA": "-12.040902,-76.971070",
  "AV. LA CULTURA 1314 URB. VIÑA SAN FRANCISCO|SANTA ANITA|LIMA": "-12.033081,-76.949794",
  "jiron las nueces MzG LT5 las praderas de santa anita|SANTA ANITA|LIMA": "-12.044510,-76.967433",
  "JOSE CARLOS MARIATEGUI MZ D LT 20 ANCON|PUENTE PIEDRA - SANTA ROSA|LIMA": "-11.867543,-77.091652",
  "AVENIDA Tomas Valle NUMERO 2298 PISO 1 DEPARTAMENTO 1 URBANIZACION Antares|SAN MARTIN DE PORRES|LIMA": "-12.013344,-77.086921",
  "JR Pariacoto 793 Breña|BREÑA|LIMA": "-12.067230,-77.047031",
  "AV. EL RETABLO #733 URBANIZACIÓN EL RETABLO, COMAS|COMAS|LIMA": "-11.935952,-77.058331",
  "AV. DEFENSORES DEL MORRO 1965|CHORRILLOS|LIMA": "-12.183970,-77.007856",
  "AV EUCALIPTOS MZ 5 LT 19, Urb. satélite - VENTANILLA|VENTANILLA|LIMA": "-11.871231,-77.117827",
  "JR héroes del pacífico Mz 130 Lt 4 - Chilca - Cañete - Lima|CHILCA|LIMA": "-12.516738,-76.738931",
  "ASO. CAMPO SOL AV. 24 DE SEPTIEMBRE MZ E LT 15 SEGUNDO PISO CHOSICA|ATE LURIGANCHO|LIMA": "-12.014753,-76.920952",
  "Jr. La Colonia 117 . Urb . El manzano . Rímac|RIMAC|LIMA": "-12.026677,-77.034094",
  "Calle José santos Atahualpa Mz N ,lote 4, urbanización el trébol 3 etapa , distrito los olivos|LOS OLIVOS|LIMA": "-11.991672,-77.070911",
  "Av. Los jazmines 224, independencia|INDEPENDENCIA|LIMA": "-12.001593,-77.051119",
  "AV. DEL AIRE NRO. 1222 DPTO. 301|SAN LUIS|LIMA": "-12.074598,-76.991721",
  "Av. Francisco Bolognesi 563|BARRANCO|LIMA": "-12.142703,-77.018052",
  "Av. San Juan 469 - San Luis|SAN LUIS|LIMA": "-12.076748,-77.006472",
  "AV MALECÓN CHECA N-699 URB ZARATE|SAN JUAN DE LURIGANCHO 1|LIMA": "-12.017796,-77.001531",
  "Jr. Edmundo Moreau 995 Urb Roma Cercado de Lima|CERCADO DE LIMA|LIMA": "-12.053459,-77.033696",
  "AV. PROCERES DE LA INDEPENDENCIA 4014 SJL|SAN JUAN DE LURIGANCHO|LIMA": "-11.982100,-77.005708",
  "AV. ANTONIO MIROQUEZADA 410 - MAGDALENA|MAGDALENA|LIMA": "-12.095239,-77.071634",
  "Calle margaritas Nº420, San isidro-Ica|ICA|ICA": "-14.072116,-75.735937",
  "Av del aire 1232 of 201 - San Luis|SAN LUIS|LIMA": "-12.074598,-76.991721",
  "AV.RIO MARAÑON 735. URB. LOS PEREGRINOS DEL SEÑOR. LOS OLIVOS.|LOS OLIVOS|LIMA": "-11.980136,-77.071511",
  "AV.ALCAZAR 710 2DO PISO RIMAC|RIMAC|LIMA": "-12.028087,-77.031917",
  "Av. Bolivia 1120 - BREÑA|BREÑA|LIMA": "-12.056990,-77.051000",
  "Av. Juan Vicente Nicolini 320 - SMP|SAN MARTIN DE PORRES|LIMA": "-12.017754,-77.055344",
  "AV FAUSTINO SANCHEZ CARRION 615 –JESUS MARIA OF 408-506|JESUS MARIA|LIMA": "-12.089401,-77.058058",
  "r. Ramón Castilla 254 independencia|INDEPENDENCIA|LIMA": "-11.992322,-77.050987",
  "AV. LA MARINA 509 PUEBLO LIBRE|PUEBLO LIBRE|LIMA": "-12.080878,-77.073009",
  "Av. Circunvalación N° 2736 Urb. Cahuache San Luis|SAN LUIS|LIMA": "-12.081094,-77.001067",
  "AV. AGUSTIN DE LA ROSA TORO 882 OF 302|SAN LUIS|LIMA": "-12.078575,-76.994379",
  "Juan Pablo Fernandini 1019 - Breña|BREÑA|LIMA": "-12.067071,-77.048984",
  "Calle Tacna N°117, primera cuadra, Ica|ICA|ICA": "-14.074997,-75.725307",
  "Jirón 23 de mayo 601 Pueblo Nuevo/Chincha Alta/ICA|CHINCHA|ICA": "-13.408799,-76.127169",
  "AV. ARENALES 630 2DO PISO|ICA|ICA": "-14.064097,-75.729091",
  "Jr. Mariscal Luzuriaga 370 Mz Ev Lt 15 - San Martin de Porres|SAN MARTIN DE PORRES|LIMA": "-11.987816,-77.098251",
  "AV HUANDOY MZ M LT 6|LOS OLIVOS|LIMA": "-11.961660,-77.076579",
  "AV CARLOS IZAGUIRRE 1331 PISO 3 URB LAS PALMAS REALES - LOS OLIVOS|LOS OLIVOS|LIMA": "-11.991912,-77.079261",
  "AV FRANCISCO LUNA PIZARRO 152 URB INGENIERIA - SAN MARTIN DE PORRES|SAN MARTIN DE PORRES|LIMA": "-12.044510,-76.967433",
  "AV. LIMA 3682 SMP|SAN MARTIN DE PORRES|LIMA": "-12.028506,-77.086657",
  "AV PERU 3760 - SMP|SAN MARTIN DE PORRES|LIMA": "-12.030320,-77.089299",
  "Av.canada 3791 - San Luis|SAN LUIS|LIMA": "-12.080211,-76.992584",
  "Av. Tomás Valle 385|SAN MARTIN DE PORRES|LIMA": "-12.012123,-77.075198",
  "Av. San Martín 184 Urb. Mz CL Lte 21 Urb. Unidad 6 Canto Grande S.J.L.|SAN JUAN DE LURIGANCHO|LIMA": "-11.981743,-77.013138",
  "Av Perú 3785 smp|SAN MARTIN DE PORRES|LIMA": "-12.030708,-77.089576",
  "Av Jose Granda 3309 2do piso|SAN MARTIN DE PORRES|LIMA": "-12.024101,-77.080857",
  "Av.victor malasquez Mz B Lt 39 asoc.viv.los yarowilcas manchay _pachacamac|PACHACAMAC LURIN|LIMA": "-12.100499,-76.879840",
  "AV ALFREDO BENAVIDES 2193 MIRAFLORES|MIRAFLORES|LIMA": "-12.128639,-77.003068",
  "av Mateo pumacahua mz l1 lote 8a surco|SURCO|LIMA": "-11.867817,-76.457659",
  "av santa Rosa B_21 01 asoc Coopip|SAN MARTIN DE PORRES|LIMA": "-11.996969,-77.100881",
  "Universitaria 272 urbanización Santa Isabel - Carabayllo|CARABAYLLO|LIMA": "-11.905417,-77.032385",
  "Av. tupac Amaru 7765 comas|COMAS|LIMA": "-11.933624,-77.046862",
  "Av. Almirante 715 int 101 Barranco|BARRANCO|LIMA": "-12.142023,-77.022078",
  "Av. San Martín 184 Urb. Mz CL Lte 21 Urb. Unidad 6 Canto Grande S.J.L.|SAN JUAN DE LURIGANCHO 1|LIMA": "-11.981743,-77.013138",
  "SECTOR 3 GRUPO 28 MZ P LT 6 VILLA EL SALVADOR|VILLA EL SALVADOR|LIMA": "-12.221333,-76.941741",
  "AV GUARDIA CIVIL 770 - SAN ISIDRO|SAN ISIDRO|LIMA": "-12.090538,-77.008145",
  "MZ D2 LOTE 06 URB MARISCAL CÁCERES|SAN JUAN DE LURIGANCHO|LIMA": "-11.993486,-76.999493",
  "MZ S9 LOTE 18 URB MARISCAL CÁCERES|SAN JUAN DE LURIGANCHO|LIMA": "-11.993486,-76.999493",
  "Av. Nicolás Ayllón N°816 - 818 - K.M. de la Carretera Central|Ate|LIMA": "-12.024182,-76.913072",
  "AV UNIVERSITARIA 267 URB TUNGASUCA- CARABAYLLO|CARABAYLLO|LIMA": "-11.895965,-77.036695",
  "Av Santa Rosa 519 local 02, Callao|CALLAO BELLAVISTA|LIMA": "-12.061972,-77.093304",
  "Jr José Orengo 984 San Luis|SAN LUIS|LIMA": "-33.876075,-60.568130",
  "Av. Pachacutec N°403|Villa El Salvador|LIMA": "-12.195168,-76.934871",
  "JR AYACUCHO 212 - MAGADALENA|MAGDALENA|LIMA": "-12.096711,-77.072462",
  "CALLE LA HABANA 614 - SAN ISIDRO|SAN ISIDRO|LIMA": "-12.099439,-77.030690",
  "Camino real 1121 of 505 San Isidro|SAN ISIDRO|LIMA": "-12.105269,-77.038797",
  "AV LA MOLINA 1013 OFC 302|LA MOLINA|LIMA": "-12.090177,-76.922338",
  "Av. Hipólito Unanue 379 Urb. La Colonial|CALLAO BELLAVISTA|LIMA": "-12.061972,-77.093304",
  "AV.AREQUIPA 1860 INT 1204 LINCE|LINCE|LIMA": "-12.080619,-77.035134",
  "AV. ALEJANDRO BERTELLO BOLLATI N° 1500 - CALLAO|CALLAO|LIMA": "-12.052263,-77.139113",
  "Av haya de la torre mz l lt 14 - Bellavista|CALLAO BELLAVISTA|LIMA": "-5.403600,-80.742938",
  "Jr. Miguel Grau 416 Carmen de la Legua Reynoso|CALLAO|LIMA": "-12.041778,-77.097214",
  "Pasaje José Olaya 220 Urb. San Juanito - SJM|SAN JUAN DE MIRAFLORES|LIMA": "-12.163977,-76.982529",
  "Av. Javier Prado Este 330. Segundo piso.|SAN ISIDRO|LIMA": "-12.092395,-77.030844",
  "AV. CORONEL SAMUEL ALCAZAR 258 - RÍMAC|RIMAC|LIMA": "-12.030506,-77.029507",
  "AV VENEZUELA 2385 URB STA CECILIA - BELLAVISTA|CALLAO BELLAVISTA|LIMA": "-12.064969,-77.117904",
  "Av Victor Andrés belaúnde 854 pueblo nuevo - chincha|CHINCHA|CHINCHA": "-13.403338,-76.129473",
  "AV. GERARDO UNGER 547 URB., INGENIERIA|SAN MARTIN DE PORRES|LIMA": "-12.020379,-77.048169",
  "Paseo de la Republica 1584 - chorrillos|CHORRILLOS|LIMA": "-12.176554,-77.011857",
  "AV SAN BORJA SUR 500|SAN BORJA|LIMA": "-12.101607,-77.004389",
  "CALLE LOS BRILLANTES 285 URB SAN EULOGIO COMAS|COMAS|LIMA": "-11.962847,-77.060626",
  "Calle Aldabas Nro. 559 Int. 401 - SANTIAGO DE SURCO|SURCO|LIMA": "-12.127488,-76.982840",
  "Av Bertello 512 - CERCADO DE LIMA (A MEDIA CUADRA DE MANUEL CASOS)|CERCADO DE LIMA|LIMA": "-12.076920,-77.035349",
  "AV EL RETABLO 165-167 - COMAS|COMAS|LIMA": "-11.914035,-77.049906",
  "AV STA ROSA, MZ C1 LOTE 1 URB LOS ÁLAMOS 2DA ETAPA|SAN JUAN DE LURIGANCHO|LIMA": "-11.968274,-76.993655",
  "Avenida Jorge Chávez 125 interior 102|MIRAFLORES|LIMA": "-12.119261,-77.036896",
  "Av.tupac amaru 2942 p.j el progreso Carabayllo|CARABAYLLO|LIMA": "-11.833980,-77.001131",
  "AV BETA 1978 URB EL TREBOL III ETAPA|LOS OLIVOS|LIMA": "-12.004942,-77.062848",
  "jirón general canterac 325 Jesús maría|JESUS MARIA|LIMA": "-12.069646,-77.048351",
  "Av. Precursores 819|SAN MIGUEL|LIMA": "-12.069234,-77.101079",
  "CALLE 2 DE MAYO N° 534 OFICINA 701 MIRAFLORES|MIRAFLORES|LIMA": "-12.117724,-77.034145",
  "AV FAUCETT 1863, BELLAVISTA|CALLAO BELLAVISTA|LIMA": "-12.062480,-77.097245",
  "URB. LOS PINOS MZ D LT 12 1ERA ETAPA SAN JUAN DE LURIGANCHO|SAN JUAN DE LURIGANCHO|LIMA": "-11.993308,-77.019162",
  "sector 9 grupo 4 manzana E lote 15 Av María Elena Moyano- villa el salvador|VILLA EL SALVADOR|LIMA": "-12.237651,-76.937842",
  "Calle Martir Jose Olaya 129 of.406-Miraflores|MIRAFLORES|LIMA": "-12.119997,-77.030236",
  "Avenida Tejada 536, Barranco|BARRANCO|LIMA": "-12.134405,-77.022051",
  "calle Boulevard 162 oficina 1203-surco|SURCO|LIMA": "-12.099873,-76.970318",
  "Avenida Ariosto Matellini 374, Chorrillos|CHORRILLOS|LIMA": "-12.178009,-77.008710",
  "Av camino real 175 San Isidro|SAN ISIDRO|LIMA": "-12.097679,-77.036445",
  "Av. José Gálvez Barrenechea 127 San Isidro|SAN ISIDRO|LIMA": "-12.106323,-77.010781",
  "Av Perú 2651|SAN MARTIN DE PORRES|LIMA": "-11.982933,-77.097196",
  "AV ELMER FAUCETT 1651 BELLAVISTA CALLAO|CALLAO BELLAVISTA|LIMA": "-12.062480,-77.097245",
  "Av. Pacasmayo Mz. B Lt. 19, Urb Jorge Chávez|CALLAO|LIMA": "-12.052263,-77.139113",
  "Av. Victor Andrés Belaunde Oeste 131-A, 2do piso, Interior 1, Urb. Huaquillay, Comas.|COMAS|LIMA": "-11.936148,-77.054449",
  "JR. LOS DAMASCOS 429 LA MOLINA|LA MOLINA|LIMA": "-12.094171,-76.900425",
  "Jr. Enrique Barrón 381 ESQ. Av. El Sol este, Barranco|BARRANCO|LIMA": "-12.139451,-77.019209",
  "Av. LARCO 812, Interior 501, Miraflores|MIRAFLORES|LIMA": "-12.126043,-77.029612",
  "Av. Sinchi Roca 598, Comas|COMAS|LIMA": "-11.909835,-77.042090",
  "CRUCE DE AV AYACUCHO CON TRUJILLO MZ J16LT5 distrito de MI PERU - CALLAO|VENTANILLA|LIMA": "-11.837312,-77.126240",
  "Lurin- Jr. Italia Mz. 4 LT. 1 km39 nvo.lurin antigua panamericana Sur (frente al paradero la cruz)|LURIN|LIMA": "-12.273369,-76.868890",
  "AV JUPITER 615 - VENTANILLA|VENTANILLA|LIMA": "-11.873303,-77.116201",
  "Av. Ayacucho Mz C-7 Lote 20 Distrito Mi Perú|VENTANILLA|LIMA": "-11.829551,-77.132429",
  "AV. CHIMPU OCLLO #788 , Mz A Lt 11 Sub Lt 41 - entre av. chimpu ocllo y av. universitaria|CARABAYLLO|LIMA": "-11.898786,-77.031831",
  "Av. Micaela Bastidas MZ.C , LT.12 , ST.1 , GP.21 - Villa el Salvador|VILLA EL SALVADOR|LIMA": "-12.228112,-76.934608",
  "Av. Cesar Vallejo ST.3 GP.19 MZ.N LT. 8 - villa el salvador|VILLA EL SALVADOR|LIMA": "-12.213503,-76.937026",
  "Urb. Pachacamac, 2da Etapa, MZ.D1, LT.6|VILLA EL SALVADOR|LIMA": "-12.221065,-76.923428",
  "Av El Sol 884 Villa María del Triunfo|VILLA MARIA DEL TRIUNFO|LIMA": "-12.194937,-76.934915",
  "Av. Las flores de primavera 798-A - SAN JUAN DE LURIGANCHO|SAN JUAN DE LURIGANCHO 1|LIMA": "-11.948751,-76.977911",
  "Av Republica Del Peru 801, Comas|COMAS|LIMA": "-11.957000,-77.055057",
  "AV JOSE GALVEZ BARRENECHEA 673 - SAN BORJA|SAN BORJA|LIMA": "-12.108755,-77.008081",
  "Av.alcazar 258 primer piso Rimac|RIMAC|LIMA": "-12.030506,-77.029507",
  "Av. Defensores del Morro #503 oficina 203 (segundo piso) Chorrillos|CHORRILLOS|LIMA": "-12.188302,-77.007931",
  "AV. CARLOS IZAGUIRRE 1280 LOS OLIVOS|LOS OLIVOS|LIMA": "-11.990966,-77.093744",
  "AV. PERU NRO. 1498 URB. PERU LIMA - LIMA - SAN MARTIN DE PORRES|SAN MARTIN DE PORRES|LIMA": "-12.031128,-77.084718",
  "Av. Circunvalación Mz. B13 Lt. 27 Programa Ciudad Mariscal Cáceres – San Juan de Lurigancho|SAN JUAN DE LURIGANCHO|LIMA": "-12.001725,-77.008411",
  "Av. Carlos Izaguirre 1131, Los Olivos|LOS OLIVOS|LIMA": "-11.990966,-77.093744",
  "AV TUPAC AMARU 1584 AAHH LA LIBERTAD|COMAS|LIMA": "-11.931768,-77.045281",
  "Av. Arnaldo Márquez 2006 Jesús Maria|JESUS MARIA|LIMA": "-12.080315,-77.055048",
  "AV. LAS FLORES DE PRIMAVERA 1701|SAN JUAN DE LURIGANCHO|LIMA": "-11.989040,-77.015519",
  "CARRETERA CENTRAL KM. 10.200 SANTA CLRA ATE|ATE|LIMA": "-12.014263,-76.882427",
  "AV 12 DE OCTUBRE 381-A SAN MARTIN DE PORRES|SAN MARTIN DE PORRES|LIMA": "-11.991560,-77.093093",
  "Av. 27 de Diciembre 957 Tablada Villa María del Triunfo|VILLA MARIA DEL TRIUNFO|LIMA": "-12.186664,-76.922695",
  "avenida alcides vigo, mz d1 lote 25. urb honor y lealtad. surco.2do piso. Referencia a la altura de la cuadra 9 de la avenida los próceres-SURCO|SURCO|LIMA": "-11.867817,-76.457659",
  "Calle Marcelino Varela 378 Los Ficus Santa Anita|SANTA ANITA|LIMA": "-12.050230,-76.973307",
  "Mercado Néstor gambeta baja TDA 23 Callao.|CALLAO BELLAVISTA|LIMA": "-12.061972,-77.093304",
  "AV GRAN CHIMU 745 MZNA B 1ER PISO ZARATE|SAN JUAN DE LURIGANCHO|LIMA": "-12.024211,-76.988716",
  "Av. Los Rosales 470 Urbanizacion Valdiviezo Ate|ATE|LIMA": "-12.062772,-76.993881",
  "Urb. Pachacamac 1er etapa, 4 sector, manzana Z, lote 3 - Villa el Salvador.|VILLA EL SALVADOR|LIMA": "-12.240492,-76.924673",
  "Av. César Canevaro 361, San Juan de Miraflores|SAN JUAN DE MIRAFLORES|LIMA": "-12.158612,-76.966888",
  "MZ K LOTE 17 JR LOS GERANIOS 129 URBANIZACION COOVITIOMAR DISTRITO DE SANTA ROSA|PUENTE PIEDRA - SANTA ROSA|LIMA": "-11.870900,-77.121506",
  "calle bolivar 270 of 103 Miraflores|MIRAFLORES|LIMA": "-12.125849,-77.026916",
  "Av. Pirámide del Sol N°810,|San Juan de Lurigancho|LIMA": "-12.018065,-77.002804",
  "AV LOS DOMINICOS MZ A LT 2 - SMP|SAN MARTIN DE PORRES|LIMA": "-11.992598,-77.105730",
  "Sector 2,,Grupo 14. Manzana E. lote 07(segundo piso)|Villa el salvador|LIMA": "-12.210290,-76.940185",
  "CALLE PUCARA MZ H LTE 52 URB SAN JUAN MACIAS|CALLAO|LIMA": "-12.052263,-77.139113",
  "Av. Santiago de surco N°4717|SURCO|LIMA": "-12.127818,-76.986377",
  "Av. Primavera N°970,|SURCO|LIMA": "-12.104032,-76.962975",
  "Av. Primavera 1016|SURCO|LIMA": "-12.107747,-76.968977",
  "Av. Javier Prado Oeste N°980,|MAGDALENA|LIMA": "-12.093924,-77.058382",
  "sector 6 grupo 7 manzana N lote 4|VILLA EL SALVADOR|LIMA": "-12.215481,-76.949109",
  "AV. UNIVERSITARIA 7434 URB RETABLO COMAS|COMAS|LIMA": "-11.922159,-77.051212",
  "AV. ANGELICA GAMARRA NRO. 199 URB. EL TRÉBOL PRIMERA ETAPA (CRUCE PANAMERICANA NORTE CON ANGELICA GA) - LOS OLIVOS|LOS OLIVOS|LIMA": "-11.991672,-77.070911",
  "AV CONDORCANQUI 949 MZ R LTE 30 URB SANTO DOMINGO 1ra ETAPA - CARABAYLLO|CARABAYLLO|LIMA": "-11.900723,-77.033034",
  "Av. Francisco Bolognesi 1081|SANTA ANITA|LIMA": "-12.052040,-76.971000",
  "AV. A MZA. P LOTE. 24 URB. SANTO DOMINGO 12EVA ETAPA LIMA - LIMA - CARABAYLLO|CARABAYLLO|LIMA": "-11.844693,-77.048395",
  "⁠⁠Jr. Marcos Palomino 139 (antes Domingo Nieto) Pueblo Libre|PUEBLO LIBRE|LIMA": "-12.077837,-77.062246",
  "asoc. El porvenir de vitarte Mz. D lot.1, 2do piso|ATE|LIMA": "-12.038728,-76.896873",
  "AV MARAÑON MZ D LOTE 7 ASOCIACION DE PROPIETARIOS DEL NORTE - LOS OLIVOS|LOS OLIVOS|LIMA": "-11.965208,-77.072705",
  "Calle 7 mz k lt 28 urb sesquicentenario - callao|CALLAO|LIMA": "-12.007951,-77.094354",
  "av. Miguel Grau(ex buenos aires) 1103 callao|CALLAO BELLAVISTA|LIMA": "-12.059837,-77.119944",
  "AV LOS QUECHUAS 905 SALAMANCA -ATE|ATE|LIMA": "-12.074851,-76.981221",
  "AVENIDA EL SOL ESTE 545 BARRANCO|BARRANCO|LIMA": "-12.139016,-77.017848",
  "Av san luis 1403|SAN LUIS|LIMA": "-12.073607,-77.001992",
  "Av prolongación flor de Amancaes Mz A lt 47 comité 1 primer piso-rimac|RIMAC|LIMA": "-12.006854,-77.036674",
  "Av. la Molina N°3755 Urb. sol de la Molina|LA MOLINA|LIMA": "-12.086072,-76.896429",
  "Av. Villa María #405 VMT|VILLA MARIA DEL TRIUNFO|LIMA": "-12.160626,-76.942314",
  "jirón Felipe Arancibia 851 SAN JUAN DE MIRAFLORES|SAN JUAN DE MIRAFLORES|LIMA": "-12.166908,-76.964051",
  "calle Schell 343 oficina 202 Miraflores|MIRAFLORES|LIMA": "-12.122967,-77.028506",
  "AV LOS EUCALIPTUS 767 COOP. UNIVERSAL|SANTA ANITA|LIMA": "-12.043386,-76.970078",
  "AV.CARLOS IZAGUIRRE 1331 - 2 D0 PISO - LOS OLIVOS|LOS OLIVOS|LIMA": "-11.991325,-77.081073",
  "Av. San Borja Sur 1094 #104 San Borja|SAN BORJA|LIMA": "-12.100523,-76.995743",
  "Jr Manuel Gomez 451 Lince|LINCE|LIMA": "-12.081411,-77.039708",
  "Calle Grau # 183 - Chincha Alta|CHINCHA|CHINCHA": "-13.413087,-76.123765",
  "PRY Pachacutec - Mz. J Lt. 21, AAHH Los Jazmines - Ventanilla, Callao|VENTANILLA|LIMA": "-11.829551,-77.132429",
  "jiron Manuel irribarren 261 - surquillo|SURQUILLO|LIMA": "-12.111206,-77.022464",
  "Av. Huaura, Mz A 11 lote 2- Mi Perú (referencia a media cuadra de la base de serenazgo de Av. Ayacucho)|VENTANILLA|LIMA": "-11.829551,-77.132429",
  "CALLE LAS MAGNOLIAS 124 ASOCIACIÓN PEREGRINOS DEL SEÑOR - LOS OLIVOS|LOS OLIVOS|LIMA": "-11.991672,-77.070911",
  "JIRON arequipa 382 2do piso DEL PUEBLO JOVEN PAMPA DE COMAS DEL DISTRITO DE COMAS km 11|COMAS|LIMA": "-11.957301,-77.049757",
  "Jirón Abraham Valdelomar Mz U6 Lt 28 Urb San Antonio de Carabayllo 3|CARABAYLLO|LIMA": "-11.858809,-77.047406",
  "Pasaje Jesús María 164, Urbanización Fundo Oyague, Jesús María|JESUS MARIA|LIMA": "-12.065337,-77.044709",
  "AV. CARLOS ALBERTO IZAGUIRRE NRO. 968 URB. LAS PALMERAS|LOS OLIVOS|LIMA": "-11.990486,-77.064652",
  "Av. Víctor Raúl Haya de la torre 220 - La Perla|CALLAO BELLAVISTA|LIMA": "-12.062838,-77.108695",
  "Av. Pedro Beltrán Mz 24 Lt 31. Ciudad Satélite referencia frente a la veterinaria municipal de ventanilla .|VENTANILLA|LIMA": "-11.871354,-77.123457",
  "Jr Eduardo Ordóñez 215 San Borja|SAN BORJA|LIMA": "-12.110913,-77.001166",
  "jirón los lanceros 196 letra B surco|SURCO|LIMA": "-12.139545,-76.985225",
  "Av 27 de diciembre 681 San Francisco de la tablada de Lurin Villa María del Triunfo|VILLA MARIA DEL TRIUNFO|LIMA": "-12.188310,-76.925593",
  "Centro poblado. Anexo 12 el Vallecito s/n Luringancho Chosica.|ATE LURIGANCHO|LIMA": "-12.014753,-76.920952",
  "AA.HH Oasis de Villa Sector 10, Grupo 01 – Mz. “N” Lote 07, 2do Piso – Distrito de Villa el Salvador|VILLA EL SALVADOR|LIMA": "-12.213503,-76.937026",
  "AV. SAN JOSE Mz D1 LOTE 6 - SAN BARTOLO|SAN BARTOLO CHILCA|LIMA": "-12.198538,-76.218752",
  "Av. GARCIA Rada,,Mz. C1lote 32 ampliación Santa Cruz - PUNTA Hermosa|PUNTA HERMOSA CHILCA|LIMA": "-12.332576,-76.824704",
  "AV. ESCUELA MILITAR SN CHORRILLOS|CHORRILLOS|LIMA": "-12.161078,-77.019065",
  "MEDRANO SILVA 370|BARRANCO|LIMA": "-12.135437,-77.021451",
  "CALLE ENRIQUE BARRON 202|BARRANCO|LIMA": "-12.138312,-77.019074",
  "Mz M Lote 1 San José 3ra etapa - San Bartolo|SAN BARTOLO CHILCA|LIMA": "-12.090287,-76.994366",
  "pasaje monte azul 180/120 oficina 217|SURCO|LIMA": "-11.867817,-76.457659",
  "AV. DEL RIO NRO. 388 URB.|PUEBLO LIBRE|LIMA": "-12.073755,-77.055723",
  "JR. HUANUCO 1800 LA VICTORIA|LA VICTORIA|LIMA": "-12.073994,-77.018197",
  "Micaela bastidas mz f lote 21 segundo piso departamento 2-Villa el salvador|VILLA EL SALVADOR|LIMA": "-12.208687,-76.946126",
  "AV JOSÉ LEGUIA Y MELENDEZ 1522 PUEBLO LIBRE|PUEBLO LIBRE|LIMA": "-12.073729,-77.074442",
  "Avenida José de la Rivaguero #627 (Piso 2) Urbanización El Agustino Zona seis Distrito El Agustino Provincia Lima y Departamento Lima.|EL AGUSTINO|LIMA": "-12.042767,-76.996424",
  "Av.simon Bolívar 524 oficina 101. PUEBLO LIBRE|PUEBLO LIBRE|LIMA": "-12.071504,-77.060346",
  "Av Cayetano Heredia 457 Jesus María|JESUS MARIA|LIMA": "-12.079878,-77.051853",
  "Av revolución sector 2 grupo 14 mz B lt 10 Villa el salvador|VILLA EL SALVADOR|LIMA": "-12.207460,-76.933139",
  "AV FAUSTINO SANCHEZ CARRION 615 OFICINA 1110 JESUS MARIA|JESUS MARIA|LIMA": "-12.089401,-77.058058",
  "Av. José Gálvez Barrenechea 765 SAN BORJA|SAN BORJA|LIMA": "-12.108755,-77.008081",
  "CALLE MERCADERES 186 SURCO|SURCO|LIMA": "-12.130617,-76.983990",
  "Jirón Cruz del Sur #140, oficina 707, Edificio Time, Santiago de Surco|SURCO|LIMA": "-12.085677,-76.972649",
  "Av. Argentina N°2430|CALLAO BELLAVISTA|LIMA": "-12.062034,-77.090151",
  "Sector 3, grupo 28, Mz. N, lote 5-VILLA EL SALVADOR|VILLA EL SALVADOR|LIMA": "-12.207460,-76.933139",
  "CA. GENERAL RECAVARREN 131 DPTO. 204|MIRAFLORES|LIMA": "-12.119782,-77.033514",
  "AV. FRANCISCO BOLOGNESI 591|BARRANCO|LIMA": "-12.145428,-77.019396",
  "LOS GORRIONES 237|CHORRILLOS|LIMA": "-12.177413,-77.004401",
  "Av prolongación Iquitos 1880 Lince|LINCE|LIMA": "-12.078508,-77.028824",
  "Av. Industrial N°3733,|INDEPENDENCIA|LIMA": "-12.003974,-77.057441",
  "AV. SAN MARTIN 389 SEGUNDO PISO ICA - ICA -ICA|ICA|ICA": "-14.072116,-75.735937",
  "Av Central No 308 Urbanización El Brillante Pamplona Alta San Juan de Miraflores|SAN JUAN DE MIRAFLORES|LIMA": "-12.145997,-76.968017",
  "AV. JULIO BAILETTI 198 SAN BORJA|SAN BORJA|LIMA": "-12.084667,-76.994993",
  "Av oscar benavides 4780|CALLAO BELLAVISTA|LIMA": "-12.058653,-77.124275",
  "AV. CARLOS IZAGUIRRE 937|LOS OLIVOS|LIMA": "-11.990966,-77.093744",
  "AV. GERMAN AGUIRRE UGARTE 721|SAN MARTIN DE PORRES|LIMA": "-12.016156,-77.072071",
  "av. Pachacutec yupanqui 885-parcona -ica|ICA|ICA": "-14.047998,-75.705831",
  "Av La Fontana 440 CC La Rotonda 2 Oficina 2078, La Molina|LA MOLINA|LIMA": "-12.073190,-76.948703",
  "Jr. MAMA OCLLO 1954 LINCE|LINCE|LIMA": "-12.086268,-77.043833",
  "CALLE CIUDAD DE LIMA 138 / MZ G LT 15|COMAS|LIMA": "-12.113074,-77.036684",
  "Pásaje Francisco Salaverry 196 - 2do piso Comas|COMAS|LIMA": "-11.957301,-77.049757",
  "AV. GRAN CHIMU 323-325 NRO. 323 DPTO. 201 URB ZARATE LIMA -LIMA|SAN JUAN DE LURIGANCHO|LIMA": "-12.024633,-76.997157",
  "Av Nicolás ayllon mz x lote 20. Urb. Parque industrial|ATE|LIMA": "-12.038728,-76.896873",
  "AV. FLORA TRISTAN 510|LA MOLINA|LIMA": "-12.068531,-76.942956",
  "MZA. F LOTE. 14 GRU. 8 SECTOR 2 (SEGUNDO PISO) LIMA - LIMA - VILLA EL SALVADOR|VILLA EL SALVADOR|LIMA": "-12.207460,-76.933139",
  "JR. MONTE ROSA NRO. 233 INT. 708 URB. CHACARILLA DEL ESTANQUE LIMA - LIMA - SANTIAGO DE SURCO|SURCO|LIMA": "-12.113862,-76.995137",
  "AV. JAVIER PRADO ESTE NRO. 5790 INT. PSO3 URB. LA FONTANA LIMA - LIMA - LA MOLINA|LA MOLINA|LIMA": "-12.055647,-76.935334",
  "Av. carlos izaguirre 129. 2do piso. independencia.|INDEPENDENCIA|LIMA": "-11.990044,-77.063417",
  "AV. BELISARIO SUAREZ NRO. 923 URB. SAN JUAN LIMA - LIMA - SAN JUAN DE MIRAFLORES|SAN JUAN DE MIRAFLORES|LIMA": "-12.160429,-76.975337",
  "AV. CARLOS ALBERTO IZAGUIRRE NRO. 757 URB. PANAMERICANA NORTE (2DO PISO) LIMA - LIMA - LOS OLIVOS|LOS OLIVOS|LIMA": "-11.990324,-77.065251",
  "AV. EDUARDO DE HABICH NRO. 146 DPTO. PSO2 URB. INGENIERIA III (CUADRA 1 LADO DERECHO) LIMA - LIMA - SAN MARTIN DE PORRES|SAN MARTIN DE PORRES|LIMA": "-12.020379,-77.048169",
  "AV. BRIGIDA SILVA DE OCHOA NRO. 398 INT. 204 URB. PANDO ET. DOS LIMA - LIMA - SAN MIGUEL|SAN MIGUEL|LIMA": "-12.069166,-77.079935",
  "CALLE BOLOGNESI 229 MIRAFLORES 5TO PISO|MIRAFLORES|LIMA": "-12.120327,-77.027517",
  "AV. VILLA MARIA NRO. 231 INT. PSO2 SEC. VILLA MARIA LIMA - LIMA - VILLA MARIA DEL TRIUNFO|VILLA MARIA DEL TRIUNFO|LIMA": "-12.176644,-76.918968",
  "AV. ARIOSTO MATELLINI NRO. 661 URB. NUEVO CHORRILLOS (3ER PISO) LIMA - LIMA - CHORRILLOS|CHORRILLOS|LIMA": "-12.181345,-77.012378",
  "Av. Angamos Este Nro. 2688 Distrito Surquillo|SURQUILLO|LIMA": "-12.113555,-77.025916",
  "Av. Angamos Este Mz. F-12 Lote 72, San Borja, Lima|SAN BORJA|LIMA": "-12.110285,-77.000444",
  "jiron huiracocha 1549 – 1551 JESUS MARIA|JESUS MARIA|LIMA": "-12.084112,-77.051608",
  "Av. La Marina 2659 San Miguel|SAN MIGUEL|LIMA": "-12.072912,-77.103178",
  "Av. Santa Rosa 2415 SJL (Referencia: Cruce con Av Jorge Basadre Este)|SAN JUAN DE LURIGANCHO|LIMA": "-11.999350,-77.000083",
  "av. central 555, sector 1 manzana M, lote23,grupo 3 Al frente de la iglesia de los mormones. (Veterinaria Cevet) Villa el Salvador|VILLA EL SALVADOR|LIMA": "-12.217338,-76.937955",
  "AV. TOMAS MARSANO 2643|SURQUILLO|LIMA": "-12.116450,-77.009366",
  "CALLE LOS EUCALIPTOS 504 BELLAVISTA CALLAO|CALLAO BELLAVISTA|LIMA": "-12.059198,-77.098074",
  "AV. BELISARIO SUAREZ 1204|SAN JUAN DE MIRAFLORES|LIMA": "-12.160429,-76.975337",
  "Calle 23 #100 Urbanización Carabayllo, Comas|COMAS|LIMA": "-11.955585,-77.056618",
  "AV. Miguel Iglesias Mz G lt 2 asociación Ricardo Palma, SAN JUAN DE MIRAFLORES|SAN JUAN DE MIRAFLORES|LIMA": "-12.163236,-76.963552",
  "AV.MIGUEL IGLESIAS 879|SAN JUAN DE MIRAFLORES|LIMA": "-12.171329,-76.961886",
  "Jirón Jorge Chávez 505|BREÑA|LIMA": "-12.062387,-77.050371",
  "Av. Angamos Este 1804|SURQUILLO|LIMA": "-12.112618,-77.012085",
  "Centro comercial plaza vitarte , Block 2B, Of. 105- Ate Carretera central .|ATE|LIMA": "-12.025720,-76.921125",
  "AV. ANGAMOS ESTE 2514 SURQUILLO|SURQUILLO|LIMA": "-12.112618,-77.012085",
  "CALLE PORTA 130 PISO 3 OFICINA 303, MIRAFLORES|MIRAFLORES|LIMA": "-12.120621,-77.029499",
  "Av Pacasmayo Mz A Lt8 Chavín 4ta etapa|SAN MARTIN DE PORRES|LIMA": "-12.022813,-77.091046",
  "calle azahares 148- urb san isidro|ICA|ICA": "-14.075550,-75.728498",
  "AV. JOSE ALVAREZ CALDERON 410MZ 4 LT 20 TDA 8 URB. TORRES DE LIMATAMBO|SAN BORJA|LIMA": "-12.108515,-77.004751",
  "AV. 13 DE ENERO NUM 961-965 Y JR. LAS GRULLAS NUMERO 1087, URB. HORIZONTE DE ZARATE - SAN JUAN DE LURIGANCHO|SAN JUAN DE LURIGANCHO|LIMA": "-12.001725,-77.008411",
  "Angélica Gamarra de León Velarde 907 , Los Olivos.|LOS OLIVOS|LIMA": "-12.005959,-77.072347",
  "Av. De la Rosa toro 742 San Luis|SAN LUIS|LIMA": "-12.098395,-76.994634",
  "AV. VISTA ALEGREMZ A LT 4 PARQUES DE CARBAYLLO|CARABAYLLO|LIMA": "-11.903865,-77.035322",
  "avenida paseo de la república 5970 recepción y oficina 519|MIRAFLORES|LIMA": "-12.116041,-77.026649",
  "Av los dominicos 595 callao- callao|CALLAO|LIMA": "-12.004795,-77.099759",
  "Av. Primavera 939 San Borja. Oficina 504 Chacarilla – San Borja|SAN BORJA|LIMA": "-12.111264,-76.994637",
  "AV. OSCAR BENAVIDES 4871 CALLAO|CALLAO BELLAVISTA|LIMA": "-12.058653,-77.124275",
  "AV LOS ANGELES 517 DPTO 201 URB EL RETABLO COMAS|COMAS|LIMA": "-11.939467,-77.060569",
  "AV HIPOLITO UNANUE 144 URB LA COLONIAL|CALLAO BELLAVISTA|LIMA": "-12.056355,-77.107339",
  "AV VENEZUELA 2499 dpto B,URB SANTA CECILIA, BELLAVISTA|CALLAO BELLAVISTA|LIMA": "-12.056355,-77.107339",
  "Av.Antonio José de Sucre Mz C Lt 01 Zona D-TamboViejo-Cieneguilla|CIENEGUILLA|LIMA": "-12.114313,-76.818376",
  "AV. LOS CONDORES 486 LOCAL 1|LA MOLINA|LIMA": "-12.104695,-76.949102",
  "AV. LA MARINA 250 PUEBLO LIBRE|PUEBLO LIBRE|LIMA": "-12.079256,-77.077476",
  "Calle Desamparados 105 Pisco|PISCO|ICA": "-13.705917,-76.201109",
  "Jr: Templo de la Luna 335 urb. Mangomarca.S.J.L|SAN JUAN DE LURIGANCHO|LIMA": "-12.016808,-76.986190",
  "JR. WIRACOCHA CDA 2 URB SAN AGUSTIN II ETAPA|COMAS|LIMA": "-11.957301,-77.049757",
  "AV. DE LA PERUANIDAD S/N (JUNTO AL INGRESO DE LA CONCHA ACUSTICA)|JESUS MARIA|LIMA": "-12.066652,-77.042483"
}